{"v":"4.8.0","meta":{"g":"LottieFiles AE ","a":"","k":"","d":"","tc":""},"fr":60,"ip":0,"op":300,"w":512,"h":512,"nm":"82 - Mind","ddd":0,"assets":[],"layers":[{"ddd":0,"ind":1,"ty":3,"nm":"Trigger","sr":1,"ks":{"o":{"a":0,"k":0,"ix":11},"r":{"a":0,"k":0,"ix":10},"p":{"a":0,"k":[256,256,0],"ix":2},"a":{"a":0,"k":[0,0,0],"ix":1},"s":{"a":0,"k":[51.2,51.2,100],"ix":6}},"ao":0,"ip":0,"op":600,"st":0,"bm":0},{"ddd":0,"ind":2,"ty":3,"nm":"Out Animation","sr":1,"ks":{"o":{"a":0,"k":0,"ix":11},"r":{"a":1,"k":[{"i":{"x":[0.667],"y":[1]},"o":{"x":[0.167],"y":[0]},"t":0,"s":[0]},{"i":{"x":[0],"y":[1]},"o":{"x":[0.345],"y":[0]},"t":240,"s":[0]},{"i":{"x":[0.667],"y":[1]},"o":{"x":[1],"y":[0]},"t":260,"s":[5]},{"t":300,"s":[-25]}],"ix":10},"p":{"a":0,"k":[256,256,0],"ix":2},"a":{"a":0,"k":[50,50,0],"ix":1},"s":{"a":1,"k":[{"i":{"x":[0,0,0.667],"y":[1,1,1]},"o":{"x":[0.345,0.345,0.333],"y":[0,0,0]},"t":240,"s":[51.2,51.2,100]},{"i":{"x":[0.667,0.667,0.667],"y":[1,1,1]},"o":{"x":[1,1,0.333],"y":[0,0,0]},"t":260,"s":[56.32000000000001,56.32000000000001,100]},{"t":300,"s":[0,0,100]}],"ix":6}},"ao":0,"ip":0,"op":600,"st":0,"bm":0},{"ddd":0,"ind":3,"ty":4,"nm":"Layer 2 Outlines","parent":2,"sr":1,"ks":{"o":{"a":0,"k":100,"ix":11},"r":{"a":0,"k":0,"ix":10},"p":{"a":1,"k":[{"i":{"x":0.297,"y":1},"o":{"x":0.641,"y":0},"t":0,"s":[87.101,45.406,0],"to":[-10.333,0,0],"ti":[10.333,0,0]},{"t":40,"s":[25.101,45.406,0]}],"ix":2},"a":{"a":0,"k":[475.101,495.406,0],"ix":1},"s":{"a":0,"k":[100,100,100],"ix":6}},"ao":0,"hasMask":true,"masksProperties":[{"inv":false,"mode":"a","pt":{"a":1,"k":[{"i":{"x":0.297,"y":1},"o":{"x":0.641,"y":0},"t":0,"s":[{"i":[[0,0],[0,0],[0,0],[0,0]],"o":[[0,0],[0,0],[0,0],[0,0]],"v":[[439.555,-46],[-221.945,-46],[-221.945,1098],[439.555,1098]],"c":true}]},{"t":40,"s":[{"i":[[0,0],[0,0],[0,0],[0,0]],"o":[[0,0],[0,0],[0,0],[0,0]],"v":[[501.5,-46],[-160,-46],[-160,1098],[501.5,1098]],"c":true}]}],"ix":1},"o":{"a":0,"k":100,"ix":3},"x":{"a":0,"k":0,"ix":4},"nm":"Mask 1"}],"shapes":[{"ty":"gr","it":[{"ind":0,"ty":"sh","ix":1,"ks":{"a":0,"k":{"i":[[0,0],[0,0],[0,0],[0,0],[10.235,-3.23],[-7.876,-5.857],[0,0]],"o":[[0,0],[0,0],[0,0],[-7.876,5.854],[10.235,3.241],[0,0],[0,0]],"v":[[26.133,3.075],[26.133,-3.078],[-0.219,-3.078],[4.679,-14.62],[-26.133,-0.009],[4.679,14.62],[-0.219,3.075]],"c":true},"ix":2},"nm":"Path 1","mn":"ADBE Vector Shape - Group","hd":false},{"ty":"fl","c":{"a":0,"k":[0.2,0.2,0.2,1],"ix":4},"o":{"a":0,"k":100,"ix":5},"r":1,"bm":0,"nm":"Fill 1","mn":"ADBE Vector Graphic - Fill","hd":false},{"ty":"tr","p":{"a":0,"k":[475.101,618.709],"ix":2},"a":{"a":0,"k":[0,0],"ix":1},"s":{"a":0,"k":[100,100],"ix":3},"r":{"a":0,"k":0,"ix":6},"o":{"a":0,"k":100,"ix":7},"sk":{"a":0,"k":0,"ix":4},"sa":{"a":0,"k":0,"ix":5},"nm":"Transform"}],"nm":"Group 1","np":2,"cix":2,"bm":0,"ix":1,"mn":"ADBE Vector Group","hd":false},{"ty":"gr","it":[{"ind":0,"ty":"sh","ix":1,"ks":{"a":0,"k":{"i":[[0,0],[0,0],[0,0],[0,0],[10.235,-3.237],[-7.876,-5.858],[0,0]],"o":[[0,0],[0,0],[0,0],[-7.876,5.854],[10.235,3.241],[0,0],[0,0]],"v":[[26.133,3.071],[26.133,-3.075],[-0.219,-3.075],[4.679,-14.623],[-26.133,-0.006],[4.679,14.623],[-0.219,3.071]],"c":true},"ix":2},"nm":"Path 1","mn":"ADBE Vector Shape - Group","hd":false},{"ty":"fl","c":{"a":0,"k":[0.2,0.2,0.2,1],"ix":4},"o":{"a":0,"k":100,"ix":5},"r":1,"bm":0,"nm":"Fill 1","mn":"ADBE Vector Graphic - Fill","hd":false},{"ty":"tr","p":{"a":0,"k":[475.101,557.059],"ix":2},"a":{"a":0,"k":[0,0],"ix":1},"s":{"a":0,"k":[100,100],"ix":3},"r":{"a":0,"k":0,"ix":6},"o":{"a":0,"k":100,"ix":7},"sk":{"a":0,"k":0,"ix":4},"sa":{"a":0,"k":0,"ix":5},"nm":"Transform"}],"nm":"Group 2","np":2,"cix":2,"bm":0,"ix":2,"mn":"ADBE Vector Group","hd":false},{"ty":"gr","it":[{"ind":0,"ty":"sh","ix":1,"ks":{"a":0,"k":{"i":[[0,0],[0,0],[0,0],[0,0],[10.235,-3.241],[-7.876,-5.854],[0,0]],"o":[[0,0],[0,0],[0,0],[-7.876,5.858],[10.235,3.238],[0,0],[0,0]],"v":[[26.133,3.075],[26.133,-3.071],[-0.219,-3.071],[4.679,-14.623],[-26.133,-0.002],[4.679,14.623],[-0.219,3.075]],"c":true},"ix":2},"nm":"Path 1","mn":"ADBE Vector Shape - Group","hd":false},{"ty":"fl","c":{"a":0,"k":[0.2,0.2,0.2,1],"ix":4},"o":{"a":0,"k":100,"ix":5},"r":1,"bm":0,"nm":"Fill 1","mn":"ADBE Vector Graphic - Fill","hd":false},{"ty":"tr","p":{"a":0,"k":[475.101,495.408],"ix":2},"a":{"a":0,"k":[0,0],"ix":1},"s":{"a":0,"k":[100,100],"ix":3},"r":{"a":0,"k":0,"ix":6},"o":{"a":0,"k":100,"ix":7},"sk":{"a":0,"k":0,"ix":4},"sa":{"a":0,"k":0,"ix":5},"nm":"Transform"}],"nm":"Group 3","np":2,"cix":2,"bm":0,"ix":3,"mn":"ADBE Vector Group","hd":false},{"ty":"gr","it":[{"ind":0,"ty":"sh","ix":1,"ks":{"a":0,"k":{"i":[[0,0],[0,0],[0,0],[0,0],[10.235,-3.242],[-7.876,-5.855],[0,0]],"o":[[0,0],[0,0],[0,0],[-7.876,5.858],[10.235,3.237],[0,0],[0,0]],"v":[[26.133,3.071],[26.133,-3.075],[-0.219,-3.075],[4.679,-14.627],[-26.133,0.002],[4.679,14.627],[-0.219,3.071]],"c":true},"ix":2},"nm":"Path 1","mn":"ADBE Vector Shape - Group","hd":false},{"ty":"fl","c":{"a":0,"k":[0.2,0.2,0.2,1],"ix":4},"o":{"a":0,"k":100,"ix":5},"r":1,"bm":0,"nm":"Fill 1","mn":"ADBE Vector Graphic - Fill","hd":false},{"ty":"tr","p":{"a":0,"k":[475.101,433.758],"ix":2},"a":{"a":0,"k":[0,0],"ix":1},"s":{"a":0,"k":[100,100],"ix":3},"r":{"a":0,"k":0,"ix":6},"o":{"a":0,"k":100,"ix":7},"sk":{"a":0,"k":0,"ix":4},"sa":{"a":0,"k":0,"ix":5},"nm":"Transform"}],"nm":"Group 4","np":2,"cix":2,"bm":0,"ix":4,"mn":"ADBE Vector Group","hd":false},{"ty":"gr","it":[{"ind":0,"ty":"sh","ix":1,"ks":{"a":0,"k":{"i":[[0,0],[0,0],[0,0],[0,0],[10.235,-3.237],[-7.876,-5.859],[0,0]],"o":[[0,0],[0,0],[0,0],[-7.876,5.855],[10.235,3.241],[0,0],[0,0]],"v":[[26.133,3.067],[26.133,-3.079],[-0.219,-3.079],[4.679,-14.628],[-26.133,-0.003],[4.679,14.628],[-0.219,3.067]],"c":true},"ix":2},"nm":"Path 1","mn":"ADBE Vector Shape - Group","hd":false},{"ty":"fl","c":{"a":0,"k":[0.2,0.2,0.2,1],"ix":4},"o":{"a":0,"k":100,"ix":5},"r":1,"bm":0,"nm":"Fill 1","mn":"ADBE Vector Graphic - Fill","hd":false},{"ty":"tr","p":{"a":0,"k":[475.101,372.111],"ix":2},"a":{"a":0,"k":[0,0],"ix":1},"s":{"a":0,"k":[100,100],"ix":3},"r":{"a":0,"k":0,"ix":6},"o":{"a":0,"k":100,"ix":7},"sk":{"a":0,"k":0,"ix":4},"sa":{"a":0,"k":0,"ix":5},"nm":"Transform"}],"nm":"Group 5","np":2,"cix":2,"bm":0,"ix":5,"mn":"ADBE Vector Group","hd":false}],"ip":0,"op":600,"st":0,"bm":0},{"ddd":0,"ind":4,"ty":4,"nm":"Layer 3 Outlines","parent":2,"sr":1,"ks":{"o":{"a":0,"k":100,"ix":11},"r":{"a":0,"k":0,"ix":10},"p":{"a":1,"k":[{"i":{"x":0.297,"y":1},"o":{"x":0.641,"y":0},"t":0,"s":[-8.758,168.708,0],"to":[10,0,0],"ti":[-10,0,0]},{"t":40,"s":[51.242,168.708,0]}],"ix":2},"a":{"a":0,"k":[501.242,618.708,0],"ix":1},"s":{"a":0,"k":[100,100,100],"ix":6}},"ao":0,"hasMask":true,"masksProperties":[{"inv":false,"mode":"a","pt":{"a":1,"k":[{"i":{"x":0.297,"y":1},"o":{"x":0.641,"y":0},"t":0,"s":[{"i":[[0,0],[0,0],[0,0],[0,0]],"o":[[0,0],[0,0],[0,0],[0,0]],"v":[[1418.016,78],[561.516,78],[561.516,1074],[1418.016,1074]],"c":true}]},{"t":40,"s":[{"i":[[0,0],[0,0],[0,0],[0,0]],"o":[[0,0],[0,0],[0,0],[0,0]],"v":[[1358,78],[501.5,78],[501.5,1074],[1358,1074]],"c":true}]}],"ix":1},"o":{"a":0,"k":100,"ix":3},"x":{"a":0,"k":0,"ix":4},"nm":"Mask 1"}],"shapes":[{"ty":"gr","it":[{"ind":0,"ty":"sh","ix":1,"ks":{"a":0,"k":{"i":[[0,0],[0,0],[0,0],[10.234,-3.23],[-7.876,-5.857],[0,0],[0,0],[0,0],[-10.234,3.242],[7.877,5.855]],"o":[[0,0],[0,0],[-7.876,5.855],[10.234,3.242],[0,0],[0,0],[0,0],[7.877,-5.857],[-10.234,-3.23],[0,0]],"v":[[26.353,-3.078],[-26.359,-3.078],[-21.461,-14.62],[-52.273,-0.008],[-21.461,14.62],[-26.359,3.076],[26.353,3.076],[21.455,14.62],[52.273,-0.008],[21.455,-14.62]],"c":true},"ix":2},"nm":"Path 1","mn":"ADBE Vector Shape - Group","hd":false},{"ty":"fl","c":{"a":0,"k":[0.11372549019607843,0.8431372549019608,0.615686274509804,1],"ix":4},"o":{"a":0,"k":100,"ix":5},"r":1,"bm":0,"nm":"Fill 1","mn":"ADBE Vector Graphic - Fill","hd":false},{"ty":"tr","p":{"a":0,"k":[501.242,618.708],"ix":2},"a":{"a":0,"k":[0,0],"ix":1},"s":{"a":0,"k":[100,100],"ix":3},"r":{"a":0,"k":0,"ix":6},"o":{"a":0,"k":100,"ix":7},"sk":{"a":0,"k":0,"ix":4},"sa":{"a":0,"k":0,"ix":5},"nm":"Transform"}],"nm":"Group 1","np":2,"cix":2,"bm":0,"ix":1,"mn":"ADBE Vector Group","hd":false},{"ty":"gr","it":[{"ind":0,"ty":"sh","ix":1,"ks":{"a":0,"k":{"i":[[0,0],[0,0],[0,0],[10.234,-3.237],[-7.876,-5.857],[0,0],[0,0],[0,0],[-10.234,3.242],[7.877,5.855]],"o":[[0,0],[0,0],[-7.876,5.855],[10.234,3.242],[0,0],[0,0],[0,0],[7.877,-5.857],[-10.234,-3.237],[0,0]],"v":[[26.353,-3.075],[-26.359,-3.075],[-21.461,-14.623],[-52.273,-0.006],[-21.461,14.623],[-26.359,3.071],[26.353,3.071],[21.455,14.623],[52.273,-0.006],[21.455,-14.623]],"c":true},"ix":2},"nm":"Path 1","mn":"ADBE Vector Shape - Group","hd":false},{"ty":"fl","c":{"a":0,"k":[0.11372549019607843,0.8431372549019608,0.615686274509804,1],"ix":4},"o":{"a":0,"k":100,"ix":5},"r":1,"bm":0,"nm":"Fill 1","mn":"ADBE Vector Graphic - Fill","hd":false},{"ty":"tr","p":{"a":0,"k":[501.242,557.058],"ix":2},"a":{"a":0,"k":[0,0],"ix":1},"s":{"a":0,"k":[100,100],"ix":3},"r":{"a":0,"k":0,"ix":6},"o":{"a":0,"k":100,"ix":7},"sk":{"a":0,"k":0,"ix":4},"sa":{"a":0,"k":0,"ix":5},"nm":"Transform"}],"nm":"Group 2","np":2,"cix":2,"bm":0,"ix":2,"mn":"ADBE Vector Group","hd":false},{"ty":"gr","it":[{"ind":0,"ty":"sh","ix":1,"ks":{"a":0,"k":{"i":[[0,0],[0,0],[0,0],[10.234,-3.241],[-7.876,-5.855],[0,0],[0,0],[0,0],[-10.234,3.238],[7.877,5.858]],"o":[[0,0],[0,0],[-7.876,5.858],[10.234,3.238],[0,0],[0,0],[0,0],[7.877,-5.855],[-10.234,-3.241],[0,0]],"v":[[26.353,-3.072],[-26.359,-3.072],[-21.461,-14.623],[-52.273,-0.001],[-21.461,14.624],[-26.359,3.075],[26.353,3.075],[21.455,14.624],[52.273,-0.001],[21.455,-14.623]],"c":true},"ix":2},"nm":"Path 1","mn":"ADBE Vector Shape - Group","hd":false},{"ty":"fl","c":{"a":0,"k":[0.11372549019607843,0.8431372549019608,0.615686274509804,1],"ix":4},"o":{"a":0,"k":100,"ix":5},"r":1,"bm":0,"nm":"Fill 1","mn":"ADBE Vector Graphic - Fill","hd":false},{"ty":"tr","p":{"a":0,"k":[501.242,495.408],"ix":2},"a":{"a":0,"k":[0,0],"ix":1},"s":{"a":0,"k":[100,100],"ix":3},"r":{"a":0,"k":0,"ix":6},"o":{"a":0,"k":100,"ix":7},"sk":{"a":0,"k":0,"ix":4},"sa":{"a":0,"k":0,"ix":5},"nm":"Transform"}],"nm":"Group 3","np":2,"cix":2,"bm":0,"ix":3,"mn":"ADBE Vector Group","hd":false},{"ty":"gr","it":[{"ind":0,"ty":"sh","ix":1,"ks":{"a":0,"k":{"i":[[0,0],[0,0],[0,0],[10.234,-3.242],[-7.876,-5.855],[0,0],[0,0],[0,0],[-10.234,3.237],[7.877,5.858]],"o":[[0,0],[0,0],[-7.876,5.858],[10.234,3.237],[0,0],[0,0],[0,0],[7.877,-5.855],[-10.234,-3.242],[0,0]],"v":[[26.353,-3.075],[-26.359,-3.075],[-21.461,-14.627],[-52.273,0.002],[-21.461,14.627],[-26.359,3.071],[26.353,3.071],[21.455,14.627],[52.273,0.002],[21.455,-14.627]],"c":true},"ix":2},"nm":"Path 1","mn":"ADBE Vector Shape - Group","hd":false},{"ty":"fl","c":{"a":0,"k":[0.11372549019607843,0.8431372549019608,0.615686274509804,1],"ix":4},"o":{"a":0,"k":100,"ix":5},"r":1,"bm":0,"nm":"Fill 1","mn":"ADBE Vector Graphic - Fill","hd":false},{"ty":"tr","p":{"a":0,"k":[501.242,433.758],"ix":2},"a":{"a":0,"k":[0,0],"ix":1},"s":{"a":0,"k":[100,100],"ix":3},"r":{"a":0,"k":0,"ix":6},"o":{"a":0,"k":100,"ix":7},"sk":{"a":0,"k":0,"ix":4},"sa":{"a":0,"k":0,"ix":5},"nm":"Transform"}],"nm":"Group 4","np":2,"cix":2,"bm":0,"ix":4,"mn":"ADBE Vector Group","hd":false},{"ty":"gr","it":[{"ind":0,"ty":"sh","ix":1,"ks":{"a":0,"k":{"i":[[0,0],[0,0],[0,0],[-10.234,3.241],[7.877,5.855],[0,0],[0,0],[0,0],[10.235,-3.237],[-7.876,-5.859]],"o":[[0,0],[0,0],[7.877,-5.859],[-10.234,-3.237],[0,0],[0,0],[0,0],[-7.876,5.855],[10.235,3.241],[0,0]],"v":[[-26.359,3.067],[26.352,3.067],[21.455,14.628],[52.273,-0.003],[21.455,-14.628],[26.352,-3.079],[-26.359,-3.079],[-21.461,-14.628],[-52.273,-0.003],[-21.461,14.628]],"c":true},"ix":2},"nm":"Path 1","mn":"ADBE Vector Shape - Group","hd":false},{"ty":"fl","c":{"a":0,"k":[0.11372549019607843,0.8431372549019608,0.615686274509804,1],"ix":4},"o":{"a":0,"k":100,"ix":5},"r":1,"bm":0,"nm":"Fill 1","mn":"ADBE Vector Graphic - Fill","hd":false},{"ty":"tr","p":{"a":0,"k":[501.242,372.111],"ix":2},"a":{"a":0,"k":[0,0],"ix":1},"s":{"a":0,"k":[100,100],"ix":3},"r":{"a":0,"k":0,"ix":6},"o":{"a":0,"k":100,"ix":7},"sk":{"a":0,"k":0,"ix":4},"sa":{"a":0,"k":0,"ix":5},"nm":"Transform"}],"nm":"Group 5","np":2,"cix":2,"bm":0,"ix":5,"mn":"ADBE Vector Group","hd":false}],"ip":0,"op":600,"st":0,"bm":0},{"ddd":0,"ind":5,"ty":4,"nm":"Layer 19 Outlines 2","parent":2,"sr":1,"ks":{"o":{"a":0,"k":100,"ix":11},"r":{"a":0,"k":0,"ix":10},"p":{"a":0,"k":[137.599,320,0],"ix":2},"a":{"a":0,"k":[587.599,770,0],"ix":1},"s":{"a":0,"k":[100,100,100],"ix":6}},"ao":0,"shapes":[{"ty":"gr","it":[{"ind":0,"ty":"sh","ix":1,"ks":{"a":0,"k":{"i":[[0,0],[3.664,0],[0,3.23],[0,0],[-3.665,0],[0,-3.237]],"o":[[-0.007,3.233],[-3.665,-0.006],[0,0],[0.007,-3.229],[3.665,0],[0,0]],"v":[[6.621,21.564],[-0.014,27.421],[-6.643,21.56],[-6.62,-21.575],[0.015,-27.421],[6.643,-21.567]],"c":true},"ix":2},"nm":"Path 1","mn":"ADBE Vector Shape - Group","hd":false},{"ty":"fl","c":{"a":0,"k":[1,0.8,0.2,1],"ix":4},"o":{"a":0,"k":100,"ix":5},"r":1,"bm":0,"nm":"Fill 1","mn":"ADBE Vector Graphic - Fill","hd":false},{"ty":"tr","p":{"a":0,"k":[587.599,770],"ix":2},"a":{"a":0,"k":[0,0],"ix":1},"s":{"a":0,"k":[100,100],"ix":3},"r":{"a":0,"k":0,"ix":6},"o":{"a":0,"k":100,"ix":7},"sk":{"a":0,"k":0,"ix":4},"sa":{"a":0,"k":0,"ix":5},"nm":"Transform"}],"nm":"Group 1","np":2,"cix":2,"bm":0,"ix":1,"mn":"ADBE Vector Group","hd":false}],"ip":184,"op":600,"st":184,"bm":0},{"ddd":0,"ind":6,"ty":4,"nm":"Layer 19 Outlines","parent":2,"sr":1,"ks":{"o":{"a":0,"k":100,"ix":11},"r":{"a":0,"k":0,"ix":10},"p":{"a":0,"k":[137.599,320,0],"ix":2},"a":{"a":0,"k":[587.599,770,0],"ix":1},"s":{"a":0,"k":[100,100,100],"ix":6}},"ao":0,"shapes":[{"ty":"gr","it":[{"ind":0,"ty":"sh","ix":1,"ks":{"a":0,"k":{"i":[[0,0],[3.664,0],[0,3.23],[0,0],[-3.665,0],[0,-3.237]],"o":[[-0.007,3.233],[-3.665,-0.006],[0,0],[0.007,-3.229],[3.665,0],[0,0]],"v":[[6.621,21.564],[-0.014,27.421],[-6.643,21.56],[-6.62,-21.575],[0.015,-27.421],[6.643,-21.567]],"c":true},"ix":2},"nm":"Path 1","mn":"ADBE Vector Shape - Group","hd":false},{"ty":"fl","c":{"a":0,"k":[1,0.8,0.2,1],"ix":4},"o":{"a":0,"k":100,"ix":5},"r":1,"bm":0,"nm":"Fill 1","mn":"ADBE Vector Graphic - Fill","hd":false},{"ty":"tr","p":{"a":0,"k":[587.599,770],"ix":2},"a":{"a":0,"k":[0,0],"ix":1},"s":{"a":0,"k":[100,100],"ix":3},"r":{"a":0,"k":0,"ix":6},"o":{"a":0,"k":100,"ix":7},"sk":{"a":0,"k":0,"ix":4},"sa":{"a":0,"k":0,"ix":5},"nm":"Transform"}],"nm":"Group 1","np":2,"cix":2,"bm":0,"ix":1,"mn":"ADBE Vector Group","hd":false}],"ip":128,"op":149,"st":128,"bm":0},{"ddd":0,"ind":7,"ty":4,"nm":"Layer 16 Outlines 2","parent":2,"sr":1,"ks":{"o":{"a":0,"k":100,"ix":11},"r":{"a":0,"k":0,"ix":10},"p":{"a":0,"k":[235.695,279.853,0],"ix":2},"a":{"a":0,"k":[685.695,729.853,0],"ix":1},"s":{"a":0,"k":[100,100,100],"ix":6}},"ao":0,"shapes":[{"ty":"gr","it":[{"ind":0,"ty":"sh","ix":1,"ks":{"a":0,"k":{"i":[[0,0],[3.132,-1.898],[-1.679,-2.766],[0,0],[-3.125,1.894],[1.672,2.769]],"o":[[-1.679,-2.773],[-3.131,1.895],[0,0],[1.671,2.766],[3.139,-1.898],[0,0]],"v":[[-5.496,-21.876],[-14.198,-23.46],[-16.833,-15.014],[5.497,21.883],[14.19,23.464],[16.841,15.018]],"c":true},"ix":2},"nm":"Path 1","mn":"ADBE Vector Shape - Group","hd":false},{"ty":"fl","c":{"a":0,"k":[1,0.8,0.2,1],"ix":4},"o":{"a":0,"k":100,"ix":5},"r":1,"bm":0,"nm":"Fill 1","mn":"ADBE Vector Graphic - Fill","hd":false},{"ty":"tr","p":{"a":0,"k":[685.694,729.852],"ix":2},"a":{"a":0,"k":[0,0],"ix":1},"s":{"a":0,"k":[100,100],"ix":3},"r":{"a":0,"k":0,"ix":6},"o":{"a":0,"k":100,"ix":7},"sk":{"a":0,"k":0,"ix":4},"sa":{"a":0,"k":0,"ix":5},"nm":"Transform"}],"nm":"Group 1","np":2,"cix":2,"bm":0,"ix":1,"mn":"ADBE Vector Group","hd":false}],"ip":179,"op":600,"st":179,"bm":0},{"ddd":0,"ind":8,"ty":4,"nm":"Layer 16 Outlines","parent":2,"sr":1,"ks":{"o":{"a":0,"k":100,"ix":11},"r":{"a":0,"k":0,"ix":10},"p":{"a":0,"k":[235.695,279.853,0],"ix":2},"a":{"a":0,"k":[685.695,729.853,0],"ix":1},"s":{"a":0,"k":[100,100,100],"ix":6}},"ao":0,"shapes":[{"ty":"gr","it":[{"ind":0,"ty":"sh","ix":1,"ks":{"a":0,"k":{"i":[[0,0],[3.132,-1.898],[-1.679,-2.766],[0,0],[-3.125,1.894],[1.672,2.769]],"o":[[-1.679,-2.773],[-3.131,1.895],[0,0],[1.671,2.766],[3.139,-1.898],[0,0]],"v":[[-5.496,-21.876],[-14.198,-23.46],[-16.833,-15.014],[5.497,21.883],[14.19,23.464],[16.841,15.018]],"c":true},"ix":2},"nm":"Path 1","mn":"ADBE Vector Shape - Group","hd":false},{"ty":"fl","c":{"a":0,"k":[1,0.8,0.2,1],"ix":4},"o":{"a":0,"k":100,"ix":5},"r":1,"bm":0,"nm":"Fill 1","mn":"ADBE Vector Graphic - Fill","hd":false},{"ty":"tr","p":{"a":0,"k":[685.694,729.852],"ix":2},"a":{"a":0,"k":[0,0],"ix":1},"s":{"a":0,"k":[100,100],"ix":3},"r":{"a":0,"k":0,"ix":6},"o":{"a":0,"k":100,"ix":7},"sk":{"a":0,"k":0,"ix":4},"sa":{"a":0,"k":0,"ix":5},"nm":"Transform"}],"nm":"Group 1","np":2,"cix":2,"bm":0,"ix":1,"mn":"ADBE Vector Group","hd":false}],"ip":123,"op":144,"st":123,"bm":0},{"ddd":0,"ind":9,"ty":4,"nm":"Layer 15 Outlines 2","parent":2,"sr":1,"ks":{"o":{"a":0,"k":100,"ix":11},"r":{"a":0,"k":0,"ix":10},"p":{"a":0,"k":[322.842,199.961,0],"ix":2},"a":{"a":0,"k":[772.842,649.961,0],"ix":1},"s":{"a":0,"k":[100,100,100],"ix":6}},"ao":0,"shapes":[{"ty":"gr","it":[{"ind":0,"ty":"sh","ix":1,"ks":{"a":0,"k":{"i":[[0,0],[2.181,-2.935],[-2.592,-1.93],[0,0],[-2.183,2.941],[2.598,1.924]],"o":[[-2.599,-1.931],[-2.183,2.939],[0,0],[2.606,1.93],[2.182,-2.942],[0,0]],"v":[[-13.37,-18.175],[-22.019,-16.343],[-21.275,-7.529],[13.362,18.175],[22.02,16.342],[21.268,7.531]],"c":true},"ix":2},"nm":"Path 1","mn":"ADBE Vector Shape - Group","hd":false},{"ty":"fl","c":{"a":0,"k":[1,0.8,0.2,1],"ix":4},"o":{"a":0,"k":100,"ix":5},"r":1,"bm":0,"nm":"Fill 1","mn":"ADBE Vector Graphic - Fill","hd":false},{"ty":"tr","p":{"a":0,"k":[772.843,649.96],"ix":2},"a":{"a":0,"k":[0,0],"ix":1},"s":{"a":0,"k":[100,100],"ix":3},"r":{"a":0,"k":0,"ix":6},"o":{"a":0,"k":100,"ix":7},"sk":{"a":0,"k":0,"ix":4},"sa":{"a":0,"k":0,"ix":5},"nm":"Transform"}],"nm":"Group 1","np":2,"cix":2,"bm":0,"ix":1,"mn":"ADBE Vector Group","hd":false}],"ip":174,"op":600,"st":174,"bm":0},{"ddd":0,"ind":10,"ty":4,"nm":"Layer 15 Outlines","parent":2,"sr":1,"ks":{"o":{"a":0,"k":100,"ix":11},"r":{"a":0,"k":0,"ix":10},"p":{"a":0,"k":[322.842,199.961,0],"ix":2},"a":{"a":0,"k":[772.842,649.961,0],"ix":1},"s":{"a":0,"k":[100,100,100],"ix":6}},"ao":0,"shapes":[{"ty":"gr","it":[{"ind":0,"ty":"sh","ix":1,"ks":{"a":0,"k":{"i":[[0,0],[2.181,-2.935],[-2.592,-1.93],[0,0],[-2.183,2.941],[2.598,1.924]],"o":[[-2.599,-1.931],[-2.183,2.939],[0,0],[2.606,1.93],[2.182,-2.942],[0,0]],"v":[[-13.37,-18.175],[-22.019,-16.343],[-21.275,-7.529],[13.362,18.175],[22.02,16.342],[21.268,7.531]],"c":true},"ix":2},"nm":"Path 1","mn":"ADBE Vector Shape - Group","hd":false},{"ty":"fl","c":{"a":0,"k":[1,0.8,0.2,1],"ix":4},"o":{"a":0,"k":100,"ix":5},"r":1,"bm":0,"nm":"Fill 1","mn":"ADBE Vector Graphic - Fill","hd":false},{"ty":"tr","p":{"a":0,"k":[772.843,649.96],"ix":2},"a":{"a":0,"k":[0,0],"ix":1},"s":{"a":0,"k":[100,100],"ix":3},"r":{"a":0,"k":0,"ix":6},"o":{"a":0,"k":100,"ix":7},"sk":{"a":0,"k":0,"ix":4},"sa":{"a":0,"k":0,"ix":5},"nm":"Transform"}],"nm":"Group 1","np":2,"cix":2,"bm":0,"ix":1,"mn":"ADBE Vector Group","hd":false}],"ip":118,"op":139,"st":118,"bm":0},{"ddd":0,"ind":11,"ty":4,"nm":"Layer 14 Outlines 2","parent":2,"sr":1,"ks":{"o":{"a":0,"k":100,"ix":11},"r":{"a":0,"k":0,"ix":10},"p":{"a":0,"k":[373.23,96.884,0],"ix":2},"a":{"a":0,"k":[823.23,546.884,0],"ix":1},"s":{"a":0,"k":[100,100,100],"ix":6}},"ao":0,"shapes":[{"ty":"gr","it":[{"ind":0,"ty":"sh","ix":1,"ks":{"a":0,"k":{"i":[[0,0],[0.935,-3.544],[-3.133,-0.829],[0,0],[-0.935,3.537],[3.123,0.824]],"o":[[-3.124,-0.82],[-0.934,3.537],[0,0],[3.139,0.829],[0.933,-3.544],[0,0]],"v":[[-19.162,-11.916],[-26.513,-6.992],[-22.541,0.91],[19.155,11.907],[26.514,6.998],[22.55,-0.907]],"c":true},"ix":2},"nm":"Path 1","mn":"ADBE Vector Shape - Group","hd":false},{"ty":"fl","c":{"a":0,"k":[1,0.8,0.2,1],"ix":4},"o":{"a":0,"k":100,"ix":5},"r":1,"bm":0,"nm":"Fill 1","mn":"ADBE Vector Graphic - Fill","hd":false},{"ty":"tr","p":{"a":0,"k":[823.229,546.887],"ix":2},"a":{"a":0,"k":[0,0],"ix":1},"s":{"a":0,"k":[100,100],"ix":3},"r":{"a":0,"k":0,"ix":6},"o":{"a":0,"k":100,"ix":7},"sk":{"a":0,"k":0,"ix":4},"sa":{"a":0,"k":0,"ix":5},"nm":"Transform"}],"nm":"Group 1","np":2,"cix":2,"bm":0,"ix":1,"mn":"ADBE Vector Group","hd":false}],"ip":169,"op":600,"st":169,"bm":0},{"ddd":0,"ind":12,"ty":4,"nm":"Layer 14 Outlines","parent":2,"sr":1,"ks":{"o":{"a":0,"k":100,"ix":11},"r":{"a":0,"k":0,"ix":10},"p":{"a":0,"k":[373.23,96.884,0],"ix":2},"a":{"a":0,"k":[823.23,546.884,0],"ix":1},"s":{"a":0,"k":[100,100,100],"ix":6}},"ao":0,"shapes":[{"ty":"gr","it":[{"ind":0,"ty":"sh","ix":1,"ks":{"a":0,"k":{"i":[[0,0],[0.935,-3.544],[-3.133,-0.829],[0,0],[-0.935,3.537],[3.123,0.824]],"o":[[-3.124,-0.82],[-0.934,3.537],[0,0],[3.139,0.829],[0.933,-3.544],[0,0]],"v":[[-19.162,-11.916],[-26.513,-6.992],[-22.541,0.91],[19.155,11.907],[26.514,6.998],[22.55,-0.907]],"c":true},"ix":2},"nm":"Path 1","mn":"ADBE Vector Shape - Group","hd":false},{"ty":"fl","c":{"a":0,"k":[1,0.8,0.2,1],"ix":4},"o":{"a":0,"k":100,"ix":5},"r":1,"bm":0,"nm":"Fill 1","mn":"ADBE Vector Graphic - Fill","hd":false},{"ty":"tr","p":{"a":0,"k":[823.229,546.887],"ix":2},"a":{"a":0,"k":[0,0],"ix":1},"s":{"a":0,"k":[100,100],"ix":3},"r":{"a":0,"k":0,"ix":6},"o":{"a":0,"k":100,"ix":7},"sk":{"a":0,"k":0,"ix":4},"sa":{"a":0,"k":0,"ix":5},"nm":"Transform"}],"nm":"Group 1","np":2,"cix":2,"bm":0,"ix":1,"mn":"ADBE Vector Group","hd":false}],"ip":113,"op":134,"st":113,"bm":0},{"ddd":0,"ind":13,"ty":4,"nm":"Layer 17 Outlines 2","parent":2,"sr":1,"ks":{"o":{"a":0,"k":100,"ix":11},"r":{"a":0,"k":0,"ix":10},"p":{"a":0,"k":[373.23,-4.159,0],"ix":2},"a":{"a":0,"k":[823.23,445.841,0],"ix":1},"s":{"a":0,"k":[100,100,100],"ix":6}},"ao":0,"shapes":[{"ty":"gr","it":[{"ind":0,"ty":"sh","ix":1,"ks":{"a":0,"k":{"i":[[0,0],[0.935,3.537],[-3.133,0.829],[0,0],[-0.935,-3.544],[3.123,-0.825]],"o":[[-3.124,0.832],[-0.934,-3.544],[0,0],[3.139,-0.822],[0.933,3.537],[0,0]],"v":[[-19.162,11.906],[-26.513,6.996],[-22.541,-0.913],[19.155,-11.917],[26.514,-6.993],[22.55,0.905]],"c":true},"ix":2},"nm":"Path 1","mn":"ADBE Vector Shape - Group","hd":false},{"ty":"fl","c":{"a":0,"k":[1,0.8,0.2,1],"ix":4},"o":{"a":0,"k":100,"ix":5},"r":1,"bm":0,"nm":"Fill 1","mn":"ADBE Vector Graphic - Fill","hd":false},{"ty":"tr","p":{"a":0,"k":[823.229,445.844],"ix":2},"a":{"a":0,"k":[0,0],"ix":1},"s":{"a":0,"k":[100,100],"ix":3},"r":{"a":0,"k":0,"ix":6},"o":{"a":0,"k":100,"ix":7},"sk":{"a":0,"k":0,"ix":4},"sa":{"a":0,"k":0,"ix":5},"nm":"Transform"}],"nm":"Group 1","np":2,"cix":2,"bm":0,"ix":1,"mn":"ADBE Vector Group","hd":false}],"ip":164,"op":600,"st":164,"bm":0},{"ddd":0,"ind":14,"ty":4,"nm":"Layer 17 Outlines","parent":2,"sr":1,"ks":{"o":{"a":0,"k":100,"ix":11},"r":{"a":0,"k":0,"ix":10},"p":{"a":0,"k":[373.23,-4.159,0],"ix":2},"a":{"a":0,"k":[823.23,445.841,0],"ix":1},"s":{"a":0,"k":[100,100,100],"ix":6}},"ao":0,"shapes":[{"ty":"gr","it":[{"ind":0,"ty":"sh","ix":1,"ks":{"a":0,"k":{"i":[[0,0],[0.935,3.537],[-3.133,0.829],[0,0],[-0.935,-3.544],[3.123,-0.825]],"o":[[-3.124,0.832],[-0.934,-3.544],[0,0],[3.139,-0.822],[0.933,3.537],[0,0]],"v":[[-19.162,11.906],[-26.513,6.996],[-22.541,-0.913],[19.155,-11.917],[26.514,-6.993],[22.55,0.905]],"c":true},"ix":2},"nm":"Path 1","mn":"ADBE Vector Shape - Group","hd":false},{"ty":"fl","c":{"a":0,"k":[1,0.8,0.2,1],"ix":4},"o":{"a":0,"k":100,"ix":5},"r":1,"bm":0,"nm":"Fill 1","mn":"ADBE Vector Graphic - Fill","hd":false},{"ty":"tr","p":{"a":0,"k":[823.229,445.844],"ix":2},"a":{"a":0,"k":[0,0],"ix":1},"s":{"a":0,"k":[100,100],"ix":3},"r":{"a":0,"k":0,"ix":6},"o":{"a":0,"k":100,"ix":7},"sk":{"a":0,"k":0,"ix":4},"sa":{"a":0,"k":0,"ix":5},"nm":"Transform"}],"nm":"Group 1","np":2,"cix":2,"bm":0,"ix":1,"mn":"ADBE Vector Group","hd":false}],"ip":108,"op":129,"st":108,"bm":0},{"ddd":0,"ind":15,"ty":4,"nm":"Layer 18 Outlines 2","parent":2,"sr":1,"ks":{"o":{"a":0,"k":100,"ix":11},"r":{"a":0,"k":0,"ix":10},"p":{"a":0,"k":[322.842,-107.229,0],"ix":2},"a":{"a":0,"k":[772.842,342.771,0],"ix":1},"s":{"a":0,"k":[100,100,100],"ix":6}},"ao":0,"shapes":[{"ty":"gr","it":[{"ind":0,"ty":"sh","ix":1,"ks":{"a":0,"k":{"i":[[0,0],[2.181,2.941],[-2.592,1.931],[0,0],[-2.183,-2.935],[2.598,-1.931]],"o":[[-2.599,1.923],[-2.183,-2.947],[0,0],[2.606,-1.923],[2.182,2.942],[0,0]],"v":[[-13.37,18.176],[-22.019,16.342],[-21.275,7.527],[13.362,-18.176],[22.02,-16.345],[21.268,-7.533]],"c":true},"ix":2},"nm":"Path 1","mn":"ADBE Vector Shape - Group","hd":false},{"ty":"fl","c":{"a":0,"k":[1,0.8,0.2,1],"ix":4},"o":{"a":0,"k":100,"ix":5},"r":1,"bm":0,"nm":"Fill 1","mn":"ADBE Vector Graphic - Fill","hd":false},{"ty":"tr","p":{"a":0,"k":[772.843,342.771],"ix":2},"a":{"a":0,"k":[0,0],"ix":1},"s":{"a":0,"k":[100,100],"ix":3},"r":{"a":0,"k":0,"ix":6},"o":{"a":0,"k":100,"ix":7},"sk":{"a":0,"k":0,"ix":4},"sa":{"a":0,"k":0,"ix":5},"nm":"Transform"}],"nm":"Group 1","np":2,"cix":2,"bm":0,"ix":1,"mn":"ADBE Vector Group","hd":false}],"ip":159,"op":600,"st":159,"bm":0},{"ddd":0,"ind":16,"ty":4,"nm":"Layer 18 Outlines","parent":2,"sr":1,"ks":{"o":{"a":0,"k":100,"ix":11},"r":{"a":0,"k":0,"ix":10},"p":{"a":0,"k":[322.842,-107.229,0],"ix":2},"a":{"a":0,"k":[772.842,342.771,0],"ix":1},"s":{"a":0,"k":[100,100,100],"ix":6}},"ao":0,"shapes":[{"ty":"gr","it":[{"ind":0,"ty":"sh","ix":1,"ks":{"a":0,"k":{"i":[[0,0],[2.181,2.941],[-2.592,1.931],[0,0],[-2.183,-2.935],[2.598,-1.931]],"o":[[-2.599,1.923],[-2.183,-2.947],[0,0],[2.606,-1.923],[2.182,2.942],[0,0]],"v":[[-13.37,18.176],[-22.019,16.342],[-21.275,7.527],[13.362,-18.176],[22.02,-16.345],[21.268,-7.533]],"c":true},"ix":2},"nm":"Path 1","mn":"ADBE Vector Shape - Group","hd":false},{"ty":"fl","c":{"a":0,"k":[1,0.8,0.2,1],"ix":4},"o":{"a":0,"k":100,"ix":5},"r":1,"bm":0,"nm":"Fill 1","mn":"ADBE Vector Graphic - Fill","hd":false},{"ty":"tr","p":{"a":0,"k":[772.843,342.771],"ix":2},"a":{"a":0,"k":[0,0],"ix":1},"s":{"a":0,"k":[100,100],"ix":3},"r":{"a":0,"k":0,"ix":6},"o":{"a":0,"k":100,"ix":7},"sk":{"a":0,"k":0,"ix":4},"sa":{"a":0,"k":0,"ix":5},"nm":"Transform"}],"nm":"Group 1","np":2,"cix":2,"bm":0,"ix":1,"mn":"ADBE Vector Group","hd":false}],"ip":103,"op":124,"st":103,"bm":0},{"ddd":0,"ind":17,"ty":4,"nm":"Layer 23 Outlines 2","parent":2,"sr":1,"ks":{"o":{"a":0,"k":100,"ix":11},"r":{"a":0,"k":0,"ix":10},"p":{"a":0,"k":[235.695,-187.128,0],"ix":2},"a":{"a":0,"k":[685.695,262.872,0],"ix":1},"s":{"a":0,"k":[100,100,100],"ix":6}},"ao":0,"shapes":[{"ty":"gr","it":[{"ind":0,"ty":"sh","ix":1,"ks":{"a":0,"k":{"i":[[0,0],[3.132,1.894],[-1.679,2.767],[0,0],[-3.125,-1.895],[1.672,-2.759]],"o":[[-1.679,2.767],[-3.131,-1.895],[0,0],[1.671,-2.774],[3.139,1.897],[0,0]],"v":[[-5.496,21.888],[-14.198,23.458],[-16.833,15.018],[5.497,-21.878],[14.19,-23.457],[16.841,-15.02]],"c":true},"ix":2},"nm":"Path 1","mn":"ADBE Vector Shape - Group","hd":false},{"ty":"fl","c":{"a":0,"k":[1,0.8,0.2,1],"ix":4},"o":{"a":0,"k":100,"ix":5},"r":1,"bm":0,"nm":"Fill 1","mn":"ADBE Vector Graphic - Fill","hd":false},{"ty":"tr","p":{"a":0,"k":[685.694,262.871],"ix":2},"a":{"a":0,"k":[0,0],"ix":1},"s":{"a":0,"k":[100,100],"ix":3},"r":{"a":0,"k":0,"ix":6},"o":{"a":0,"k":100,"ix":7},"sk":{"a":0,"k":0,"ix":4},"sa":{"a":0,"k":0,"ix":5},"nm":"Transform"}],"nm":"Group 1","np":2,"cix":2,"bm":0,"ix":1,"mn":"ADBE Vector Group","hd":false}],"ip":154,"op":600,"st":154,"bm":0},{"ddd":0,"ind":18,"ty":4,"nm":"Layer 23 Outlines","parent":2,"sr":1,"ks":{"o":{"a":0,"k":100,"ix":11},"r":{"a":0,"k":0,"ix":10},"p":{"a":0,"k":[235.695,-187.128,0],"ix":2},"a":{"a":0,"k":[685.695,262.872,0],"ix":1},"s":{"a":0,"k":[100,100,100],"ix":6}},"ao":0,"shapes":[{"ty":"gr","it":[{"ind":0,"ty":"sh","ix":1,"ks":{"a":0,"k":{"i":[[0,0],[3.132,1.894],[-1.679,2.767],[0,0],[-3.125,-1.895],[1.672,-2.759]],"o":[[-1.679,2.767],[-3.131,-1.895],[0,0],[1.671,-2.774],[3.139,1.897],[0,0]],"v":[[-5.496,21.888],[-14.198,23.458],[-16.833,15.018],[5.497,-21.878],[14.19,-23.457],[16.841,-15.02]],"c":true},"ix":2},"nm":"Path 1","mn":"ADBE Vector Shape - Group","hd":false},{"ty":"fl","c":{"a":0,"k":[1,0.8,0.2,1],"ix":4},"o":{"a":0,"k":100,"ix":5},"r":1,"bm":0,"nm":"Fill 1","mn":"ADBE Vector Graphic - Fill","hd":false},{"ty":"tr","p":{"a":0,"k":[685.694,262.871],"ix":2},"a":{"a":0,"k":[0,0],"ix":1},"s":{"a":0,"k":[100,100],"ix":3},"r":{"a":0,"k":0,"ix":6},"o":{"a":0,"k":100,"ix":7},"sk":{"a":0,"k":0,"ix":4},"sa":{"a":0,"k":0,"ix":5},"nm":"Transform"}],"nm":"Group 1","np":2,"cix":2,"bm":0,"ix":1,"mn":"ADBE Vector Group","hd":false}],"ip":98,"op":119,"st":98,"bm":0},{"ddd":0,"ind":19,"ty":4,"nm":"Layer 20 Outlines 2","parent":2,"sr":1,"ks":{"o":{"a":0,"k":100,"ix":11},"r":{"a":0,"k":0,"ix":10},"p":{"a":0,"k":[137.599,-220.559,0],"ix":2},"a":{"a":0,"k":[587.599,229.441,0],"ix":1},"s":{"a":0,"k":[100,100,100],"ix":6}},"ao":0,"shapes":[{"ty":"gr","it":[{"ind":0,"ty":"sh","ix":1,"ks":{"a":0,"k":{"i":[[0,0],[3.664,0],[0,3.223],[0,0],[-3.665,0],[0,-3.23]],"o":[[-0.007,3.237],[-3.665,0],[0,0],[0.007,-3.235],[3.665,0],[0,0]],"v":[[6.621,21.568],[-0.014,27.422],[-6.643,21.568],[-6.62,-21.57],[0.015,-27.422],[6.643,-21.567]],"c":true},"ix":2},"nm":"Path 1","mn":"ADBE Vector Shape - Group","hd":false},{"ty":"fl","c":{"a":0,"k":[1,0.8,0.2,1],"ix":4},"o":{"a":0,"k":100,"ix":5},"r":1,"bm":0,"nm":"Fill 1","mn":"ADBE Vector Graphic - Fill","hd":false},{"ty":"tr","p":{"a":0,"k":[587.599,229.441],"ix":2},"a":{"a":0,"k":[0,0],"ix":1},"s":{"a":0,"k":[100,100],"ix":3},"r":{"a":0,"k":0,"ix":6},"o":{"a":0,"k":100,"ix":7},"sk":{"a":0,"k":0,"ix":4},"sa":{"a":0,"k":0,"ix":5},"nm":"Transform"}],"nm":"Group 1","np":2,"cix":2,"bm":0,"ix":1,"mn":"ADBE Vector Group","hd":false}],"ip":149,"op":600,"st":149,"bm":0},{"ddd":0,"ind":20,"ty":4,"nm":"Layer 20 Outlines","parent":2,"sr":1,"ks":{"o":{"a":0,"k":100,"ix":11},"r":{"a":0,"k":0,"ix":10},"p":{"a":0,"k":[137.599,-220.559,0],"ix":2},"a":{"a":0,"k":[587.599,229.441,0],"ix":1},"s":{"a":0,"k":[100,100,100],"ix":6}},"ao":0,"shapes":[{"ty":"gr","it":[{"ind":0,"ty":"sh","ix":1,"ks":{"a":0,"k":{"i":[[0,0],[3.664,0],[0,3.223],[0,0],[-3.665,0],[0,-3.23]],"o":[[-0.007,3.237],[-3.665,0],[0,0],[0.007,-3.235],[3.665,0],[0,0]],"v":[[6.621,21.568],[-0.014,27.422],[-6.643,21.568],[-6.62,-21.57],[0.015,-27.422],[6.643,-21.567]],"c":true},"ix":2},"nm":"Path 1","mn":"ADBE Vector Shape - Group","hd":false},{"ty":"fl","c":{"a":0,"k":[1,0.8,0.2,1],"ix":4},"o":{"a":0,"k":100,"ix":5},"r":1,"bm":0,"nm":"Fill 1","mn":"ADBE Vector Graphic - Fill","hd":false},{"ty":"tr","p":{"a":0,"k":[587.599,229.441],"ix":2},"a":{"a":0,"k":[0,0],"ix":1},"s":{"a":0,"k":[100,100],"ix":3},"r":{"a":0,"k":0,"ix":6},"o":{"a":0,"k":100,"ix":7},"sk":{"a":0,"k":0,"ix":4},"sa":{"a":0,"k":0,"ix":5},"nm":"Transform"}],"nm":"Group 1","np":2,"cix":2,"bm":0,"ix":1,"mn":"ADBE Vector Group","hd":false}],"ip":93,"op":114,"st":93,"bm":0},{"ddd":0,"ind":21,"ty":4,"nm":"Layer 21 Outlines 2","parent":2,"sr":1,"ks":{"o":{"a":0,"k":100,"ix":11},"r":{"a":0,"k":0,"ix":10},"p":{"a":0,"k":[-44.364,320,0],"ix":2},"a":{"a":0,"k":[405.636,770,0],"ix":1},"s":{"a":0,"k":[100,100,100],"ix":6}},"ao":0,"shapes":[{"ty":"gr","it":[{"ind":0,"ty":"sh","ix":1,"ks":{"a":0,"k":{"i":[[0,0],[3.657,0],[0,3.23],[0,0],[-3.664,0],[0.007,-3.237]],"o":[[0,3.233],[-3.658,-0.006],[0,0],[0,-3.229],[3.658,0],[0,0]],"v":[[6.611,21.564],[-0.018,27.421],[-6.639,21.56],[-6.624,-21.575],[0.011,-27.421],[6.632,-21.567]],"c":true},"ix":2},"nm":"Path 1","mn":"ADBE Vector Shape - Group","hd":false},{"ty":"fl","c":{"a":0,"k":[1,0.8,0.2,1],"ix":4},"o":{"a":0,"k":100,"ix":5},"r":1,"bm":0,"nm":"Fill 1","mn":"ADBE Vector Graphic - Fill","hd":false},{"ty":"tr","p":{"a":0,"k":[405.639,770],"ix":2},"a":{"a":0,"k":[0,0],"ix":1},"s":{"a":0,"k":[100,100],"ix":3},"r":{"a":0,"k":0,"ix":6},"o":{"a":0,"k":100,"ix":7},"sk":{"a":0,"k":0,"ix":4},"sa":{"a":0,"k":0,"ix":5},"nm":"Transform"}],"nm":"Group 1","np":2,"cix":2,"bm":0,"ix":1,"mn":"ADBE Vector Group","hd":false}],"ip":184,"op":600,"st":184,"bm":0},{"ddd":0,"ind":22,"ty":4,"nm":"Layer 21 Outlines","parent":2,"sr":1,"ks":{"o":{"a":0,"k":100,"ix":11},"r":{"a":0,"k":0,"ix":10},"p":{"a":0,"k":[-44.364,320,0],"ix":2},"a":{"a":0,"k":[405.636,770,0],"ix":1},"s":{"a":0,"k":[100,100,100],"ix":6}},"ao":0,"shapes":[{"ty":"gr","it":[{"ind":0,"ty":"sh","ix":1,"ks":{"a":0,"k":{"i":[[0,0],[3.657,0],[0,3.23],[0,0],[-3.664,0],[0.007,-3.237]],"o":[[0,3.233],[-3.658,-0.006],[0,0],[0,-3.229],[3.658,0],[0,0]],"v":[[6.611,21.564],[-0.018,27.421],[-6.639,21.56],[-6.624,-21.575],[0.011,-27.421],[6.632,-21.567]],"c":true},"ix":2},"nm":"Path 1","mn":"ADBE Vector Shape - Group","hd":false},{"ty":"fl","c":{"a":0,"k":[1,0.8,0.2,1],"ix":4},"o":{"a":0,"k":100,"ix":5},"r":1,"bm":0,"nm":"Fill 1","mn":"ADBE Vector Graphic - Fill","hd":false},{"ty":"tr","p":{"a":0,"k":[405.639,770],"ix":2},"a":{"a":0,"k":[0,0],"ix":1},"s":{"a":0,"k":[100,100],"ix":3},"r":{"a":0,"k":0,"ix":6},"o":{"a":0,"k":100,"ix":7},"sk":{"a":0,"k":0,"ix":4},"sa":{"a":0,"k":0,"ix":5},"nm":"Transform"}],"nm":"Group 1","np":2,"cix":2,"bm":0,"ix":1,"mn":"ADBE Vector Group","hd":false}],"ip":128,"op":149,"st":128,"bm":0},{"ddd":0,"ind":23,"ty":4,"nm":"Layer 10 Outlines 2","parent":2,"sr":1,"ks":{"o":{"a":0,"k":100,"ix":11},"r":{"a":0,"k":0,"ix":10},"p":{"a":0,"k":[-135.711,279.853,0],"ix":2},"a":{"a":0,"k":[314.289,729.853,0],"ix":1},"s":{"a":0,"k":[100,100,100],"ix":6}},"ao":0,"shapes":[{"ty":"gr","it":[{"ind":0,"ty":"sh","ix":1,"ks":{"a":0,"k":{"i":[[0,0],[-3.133,-1.898],[1.672,-2.766],[0,0],[3.132,1.894],[-1.679,2.769]],"o":[[1.671,-2.773],[3.138,1.895],[0,0],[-1.679,2.766],[-3.132,-1.898],[0,0]],"v":[[5.497,-21.876],[14.199,-23.46],[16.841,-15.014],[-5.49,21.883],[-14.198,23.464],[-16.833,15.018]],"c":true},"ix":2},"nm":"Path 1","mn":"ADBE Vector Shape - Group","hd":false},{"ty":"fl","c":{"a":0,"k":[1,0.8,0.2,1],"ix":4},"o":{"a":0,"k":100,"ix":5},"r":1,"bm":0,"nm":"Fill 1","mn":"ADBE Vector Graphic - Fill","hd":false},{"ty":"tr","p":{"a":0,"k":[314.287,729.852],"ix":2},"a":{"a":0,"k":[0,0],"ix":1},"s":{"a":0,"k":[100,100],"ix":3},"r":{"a":0,"k":0,"ix":6},"o":{"a":0,"k":100,"ix":7},"sk":{"a":0,"k":0,"ix":4},"sa":{"a":0,"k":0,"ix":5},"nm":"Transform"}],"nm":"Group 1","np":2,"cix":2,"bm":0,"ix":1,"mn":"ADBE Vector Group","hd":false}],"ip":179,"op":600,"st":179,"bm":0},{"ddd":0,"ind":24,"ty":4,"nm":"Layer 10 Outlines","parent":2,"sr":1,"ks":{"o":{"a":0,"k":100,"ix":11},"r":{"a":0,"k":0,"ix":10},"p":{"a":0,"k":[-135.711,279.853,0],"ix":2},"a":{"a":0,"k":[314.289,729.853,0],"ix":1},"s":{"a":0,"k":[100,100,100],"ix":6}},"ao":0,"shapes":[{"ty":"gr","it":[{"ind":0,"ty":"sh","ix":1,"ks":{"a":0,"k":{"i":[[0,0],[-3.133,-1.898],[1.672,-2.766],[0,0],[3.132,1.894],[-1.679,2.769]],"o":[[1.671,-2.773],[3.138,1.895],[0,0],[-1.679,2.766],[-3.132,-1.898],[0,0]],"v":[[5.497,-21.876],[14.199,-23.46],[16.841,-15.014],[-5.49,21.883],[-14.198,23.464],[-16.833,15.018]],"c":true},"ix":2},"nm":"Path 1","mn":"ADBE Vector Shape - Group","hd":false},{"ty":"fl","c":{"a":0,"k":[1,0.8,0.2,1],"ix":4},"o":{"a":0,"k":100,"ix":5},"r":1,"bm":0,"nm":"Fill 1","mn":"ADBE Vector Graphic - Fill","hd":false},{"ty":"tr","p":{"a":0,"k":[314.287,729.852],"ix":2},"a":{"a":0,"k":[0,0],"ix":1},"s":{"a":0,"k":[100,100],"ix":3},"r":{"a":0,"k":0,"ix":6},"o":{"a":0,"k":100,"ix":7},"sk":{"a":0,"k":0,"ix":4},"sa":{"a":0,"k":0,"ix":5},"nm":"Transform"}],"nm":"Group 1","np":2,"cix":2,"bm":0,"ix":1,"mn":"ADBE Vector Group","hd":false}],"ip":123,"op":144,"st":123,"bm":0},{"ddd":0,"ind":25,"ty":4,"nm":"Layer 9 Outlines 2","parent":2,"sr":1,"ks":{"o":{"a":0,"k":100,"ix":11},"r":{"a":0,"k":0,"ix":10},"p":{"a":0,"k":[-222.86,199.961,0],"ix":2},"a":{"a":0,"k":[227.14,649.961,0],"ix":1},"s":{"a":0,"k":[100,100,100],"ix":6}},"ao":0,"shapes":[{"ty":"gr","it":[{"ind":0,"ty":"sh","ix":1,"ks":{"a":0,"k":{"i":[[0,0],[-2.182,-2.935],[2.598,-1.93],[0,0],[2.183,2.941],[-2.591,1.924]],"o":[[2.599,-1.931],[2.183,2.939],[0,0],[-2.591,1.93],[-2.175,-2.942],[0,0]],"v":[[13.366,-18.175],[22.016,-16.343],[21.265,-7.529],[-13.373,18.175],[-22.024,16.342],[-21.272,7.531]],"c":true},"ix":2},"nm":"Path 1","mn":"ADBE Vector Shape - Group","hd":false},{"ty":"fl","c":{"a":0,"k":[1,0.8,0.2,1],"ix":4},"o":{"a":0,"k":100,"ix":5},"r":1,"bm":0,"nm":"Fill 1","mn":"ADBE Vector Graphic - Fill","hd":false},{"ty":"tr","p":{"a":0,"k":[227.141,649.96],"ix":2},"a":{"a":0,"k":[0,0],"ix":1},"s":{"a":0,"k":[100,100],"ix":3},"r":{"a":0,"k":0,"ix":6},"o":{"a":0,"k":100,"ix":7},"sk":{"a":0,"k":0,"ix":4},"sa":{"a":0,"k":0,"ix":5},"nm":"Transform"}],"nm":"Group 1","np":2,"cix":2,"bm":0,"ix":1,"mn":"ADBE Vector Group","hd":false}],"ip":174,"op":600,"st":174,"bm":0},{"ddd":0,"ind":26,"ty":4,"nm":"Layer 9 Outlines","parent":2,"sr":1,"ks":{"o":{"a":0,"k":100,"ix":11},"r":{"a":0,"k":0,"ix":10},"p":{"a":0,"k":[-222.86,199.961,0],"ix":2},"a":{"a":0,"k":[227.14,649.961,0],"ix":1},"s":{"a":0,"k":[100,100,100],"ix":6}},"ao":0,"shapes":[{"ty":"gr","it":[{"ind":0,"ty":"sh","ix":1,"ks":{"a":0,"k":{"i":[[0,0],[-2.182,-2.935],[2.598,-1.93],[0,0],[2.183,2.941],[-2.591,1.924]],"o":[[2.599,-1.931],[2.183,2.939],[0,0],[-2.591,1.93],[-2.175,-2.942],[0,0]],"v":[[13.366,-18.175],[22.016,-16.343],[21.265,-7.529],[-13.373,18.175],[-22.024,16.342],[-21.272,7.531]],"c":true},"ix":2},"nm":"Path 1","mn":"ADBE Vector Shape - Group","hd":false},{"ty":"fl","c":{"a":0,"k":[1,0.8,0.2,1],"ix":4},"o":{"a":0,"k":100,"ix":5},"r":1,"bm":0,"nm":"Fill 1","mn":"ADBE Vector Graphic - Fill","hd":false},{"ty":"tr","p":{"a":0,"k":[227.141,649.96],"ix":2},"a":{"a":0,"k":[0,0],"ix":1},"s":{"a":0,"k":[100,100],"ix":3},"r":{"a":0,"k":0,"ix":6},"o":{"a":0,"k":100,"ix":7},"sk":{"a":0,"k":0,"ix":4},"sa":{"a":0,"k":0,"ix":5},"nm":"Transform"}],"nm":"Group 1","np":2,"cix":2,"bm":0,"ix":1,"mn":"ADBE Vector Group","hd":false}],"ip":118,"op":139,"st":118,"bm":0},{"ddd":0,"ind":27,"ty":4,"nm":"Layer 8 Outlines 2","parent":2,"sr":1,"ks":{"o":{"a":0,"k":100,"ix":11},"r":{"a":0,"k":0,"ix":10},"p":{"a":0,"k":[-273.247,96.884,0],"ix":2},"a":{"a":0,"k":[176.753,546.884,0],"ix":1},"s":{"a":0,"k":[100,100,100],"ix":6}},"ao":0,"shapes":[{"ty":"gr","it":[{"ind":0,"ty":"sh","ix":1,"ks":{"a":0,"k":{"i":[[0,0],[-0.927,-3.544],[3.124,-0.829],[0,0],[0.934,3.537],[-3.125,0.824]],"o":[[3.131,-0.82],[0.934,3.537],[0,0],[-3.124,0.829],[-0.927,-3.544],[0,0]],"v":[[19.159,-11.916],[26.51,-6.992],[22.546,0.91],[-19.165,11.907],[-26.516,6.998],[-22.546,-0.907]],"c":true},"ix":2},"nm":"Path 1","mn":"ADBE Vector Shape - Group","hd":false},{"ty":"fl","c":{"a":0,"k":[1,0.8,0.2,1],"ix":4},"o":{"a":0,"k":100,"ix":5},"r":1,"bm":0,"nm":"Fill 1","mn":"ADBE Vector Graphic - Fill","hd":false},{"ty":"tr","p":{"a":0,"k":[176.755,546.887],"ix":2},"a":{"a":0,"k":[0,0],"ix":1},"s":{"a":0,"k":[100,100],"ix":3},"r":{"a":0,"k":0,"ix":6},"o":{"a":0,"k":100,"ix":7},"sk":{"a":0,"k":0,"ix":4},"sa":{"a":0,"k":0,"ix":5},"nm":"Transform"}],"nm":"Group 1","np":2,"cix":2,"bm":0,"ix":1,"mn":"ADBE Vector Group","hd":false}],"ip":169,"op":600,"st":169,"bm":0},{"ddd":0,"ind":28,"ty":4,"nm":"Layer 8 Outlines","parent":2,"sr":1,"ks":{"o":{"a":0,"k":100,"ix":11},"r":{"a":0,"k":0,"ix":10},"p":{"a":0,"k":[-273.247,96.884,0],"ix":2},"a":{"a":0,"k":[176.753,546.884,0],"ix":1},"s":{"a":0,"k":[100,100,100],"ix":6}},"ao":0,"shapes":[{"ty":"gr","it":[{"ind":0,"ty":"sh","ix":1,"ks":{"a":0,"k":{"i":[[0,0],[-0.927,-3.544],[3.124,-0.829],[0,0],[0.934,3.537],[-3.125,0.824]],"o":[[3.131,-0.82],[0.934,3.537],[0,0],[-3.124,0.829],[-0.927,-3.544],[0,0]],"v":[[19.159,-11.916],[26.51,-6.992],[22.546,0.91],[-19.165,11.907],[-26.516,6.998],[-22.546,-0.907]],"c":true},"ix":2},"nm":"Path 1","mn":"ADBE Vector Shape - Group","hd":false},{"ty":"fl","c":{"a":0,"k":[1,0.8,0.2,1],"ix":4},"o":{"a":0,"k":100,"ix":5},"r":1,"bm":0,"nm":"Fill 1","mn":"ADBE Vector Graphic - Fill","hd":false},{"ty":"tr","p":{"a":0,"k":[176.755,546.887],"ix":2},"a":{"a":0,"k":[0,0],"ix":1},"s":{"a":0,"k":[100,100],"ix":3},"r":{"a":0,"k":0,"ix":6},"o":{"a":0,"k":100,"ix":7},"sk":{"a":0,"k":0,"ix":4},"sa":{"a":0,"k":0,"ix":5},"nm":"Transform"}],"nm":"Group 1","np":2,"cix":2,"bm":0,"ix":1,"mn":"ADBE Vector Group","hd":false}],"ip":113,"op":134,"st":113,"bm":0},{"ddd":0,"ind":29,"ty":4,"nm":"Layer 11 Outlines 2","parent":2,"sr":1,"ks":{"o":{"a":0,"k":100,"ix":11},"r":{"a":0,"k":0,"ix":10},"p":{"a":0,"k":[-273.247,-4.159,0],"ix":2},"a":{"a":0,"k":[176.753,445.841,0],"ix":1},"s":{"a":0,"k":[100,100,100],"ix":6}},"ao":0,"shapes":[{"ty":"gr","it":[{"ind":0,"ty":"sh","ix":1,"ks":{"a":0,"k":{"i":[[0,0],[-0.927,3.537],[3.124,0.829],[0,0],[0.934,-3.544],[-3.125,-0.825]],"o":[[3.131,0.832],[0.934,-3.544],[0,0],[-3.124,-0.822],[-0.927,3.537],[0,0]],"v":[[19.159,11.906],[26.51,6.996],[22.546,-0.913],[-19.165,-11.917],[-26.516,-6.993],[-22.546,0.905]],"c":true},"ix":2},"nm":"Path 1","mn":"ADBE Vector Shape - Group","hd":false},{"ty":"fl","c":{"a":0,"k":[1,0.8,0.2,1],"ix":4},"o":{"a":0,"k":100,"ix":5},"r":1,"bm":0,"nm":"Fill 1","mn":"ADBE Vector Graphic - Fill","hd":false},{"ty":"tr","p":{"a":0,"k":[176.755,445.844],"ix":2},"a":{"a":0,"k":[0,0],"ix":1},"s":{"a":0,"k":[100,100],"ix":3},"r":{"a":0,"k":0,"ix":6},"o":{"a":0,"k":100,"ix":7},"sk":{"a":0,"k":0,"ix":4},"sa":{"a":0,"k":0,"ix":5},"nm":"Transform"}],"nm":"Group 1","np":2,"cix":2,"bm":0,"ix":1,"mn":"ADBE Vector Group","hd":false}],"ip":164,"op":600,"st":164,"bm":0},{"ddd":0,"ind":30,"ty":4,"nm":"Layer 11 Outlines","parent":2,"sr":1,"ks":{"o":{"a":0,"k":100,"ix":11},"r":{"a":0,"k":0,"ix":10},"p":{"a":0,"k":[-273.247,-4.159,0],"ix":2},"a":{"a":0,"k":[176.753,445.841,0],"ix":1},"s":{"a":0,"k":[100,100,100],"ix":6}},"ao":0,"shapes":[{"ty":"gr","it":[{"ind":0,"ty":"sh","ix":1,"ks":{"a":0,"k":{"i":[[0,0],[-0.927,3.537],[3.124,0.829],[0,0],[0.934,-3.544],[-3.125,-0.825]],"o":[[3.131,0.832],[0.934,-3.544],[0,0],[-3.124,-0.822],[-0.927,3.537],[0,0]],"v":[[19.159,11.906],[26.51,6.996],[22.546,-0.913],[-19.165,-11.917],[-26.516,-6.993],[-22.546,0.905]],"c":true},"ix":2},"nm":"Path 1","mn":"ADBE Vector Shape - Group","hd":false},{"ty":"fl","c":{"a":0,"k":[1,0.8,0.2,1],"ix":4},"o":{"a":0,"k":100,"ix":5},"r":1,"bm":0,"nm":"Fill 1","mn":"ADBE Vector Graphic - Fill","hd":false},{"ty":"tr","p":{"a":0,"k":[176.755,445.844],"ix":2},"a":{"a":0,"k":[0,0],"ix":1},"s":{"a":0,"k":[100,100],"ix":3},"r":{"a":0,"k":0,"ix":6},"o":{"a":0,"k":100,"ix":7},"sk":{"a":0,"k":0,"ix":4},"sa":{"a":0,"k":0,"ix":5},"nm":"Transform"}],"nm":"Group 1","np":2,"cix":2,"bm":0,"ix":1,"mn":"ADBE Vector Group","hd":false}],"ip":108,"op":129,"st":108,"bm":0},{"ddd":0,"ind":31,"ty":4,"nm":"Layer 12 Outlines 2","parent":2,"sr":1,"ks":{"o":{"a":0,"k":100,"ix":11},"r":{"a":0,"k":0,"ix":10},"p":{"a":0,"k":[-222.86,-107.229,0],"ix":2},"a":{"a":0,"k":[227.14,342.771,0],"ix":1},"s":{"a":0,"k":[100,100,100],"ix":6}},"ao":0,"shapes":[{"ty":"gr","it":[{"ind":0,"ty":"sh","ix":1,"ks":{"a":0,"k":{"i":[[0,0],[-2.182,2.941],[2.598,1.931],[0,0],[2.183,-2.935],[-2.591,-1.931]],"o":[[2.599,1.923],[2.183,-2.947],[0,0],[-2.591,-1.923],[-2.175,2.942],[0,0]],"v":[[13.366,18.176],[22.016,16.342],[21.265,7.527],[-13.373,-18.176],[-22.024,-16.345],[-21.272,-7.533]],"c":true},"ix":2},"nm":"Path 1","mn":"ADBE Vector Shape - Group","hd":false},{"ty":"fl","c":{"a":0,"k":[1,0.8,0.2,1],"ix":4},"o":{"a":0,"k":100,"ix":5},"r":1,"bm":0,"nm":"Fill 1","mn":"ADBE Vector Graphic - Fill","hd":false},{"ty":"tr","p":{"a":0,"k":[227.141,342.771],"ix":2},"a":{"a":0,"k":[0,0],"ix":1},"s":{"a":0,"k":[100,100],"ix":3},"r":{"a":0,"k":0,"ix":6},"o":{"a":0,"k":100,"ix":7},"sk":{"a":0,"k":0,"ix":4},"sa":{"a":0,"k":0,"ix":5},"nm":"Transform"}],"nm":"Group 1","np":2,"cix":2,"bm":0,"ix":1,"mn":"ADBE Vector Group","hd":false}],"ip":159,"op":600,"st":159,"bm":0},{"ddd":0,"ind":32,"ty":4,"nm":"Layer 12 Outlines","parent":2,"sr":1,"ks":{"o":{"a":0,"k":100,"ix":11},"r":{"a":0,"k":0,"ix":10},"p":{"a":0,"k":[-222.86,-107.229,0],"ix":2},"a":{"a":0,"k":[227.14,342.771,0],"ix":1},"s":{"a":0,"k":[100,100,100],"ix":6}},"ao":0,"shapes":[{"ty":"gr","it":[{"ind":0,"ty":"sh","ix":1,"ks":{"a":0,"k":{"i":[[0,0],[-2.182,2.941],[2.598,1.931],[0,0],[2.183,-2.935],[-2.591,-1.931]],"o":[[2.599,1.923],[2.183,-2.947],[0,0],[-2.591,-1.923],[-2.175,2.942],[0,0]],"v":[[13.366,18.176],[22.016,16.342],[21.265,7.527],[-13.373,-18.176],[-22.024,-16.345],[-21.272,-7.533]],"c":true},"ix":2},"nm":"Path 1","mn":"ADBE Vector Shape - Group","hd":false},{"ty":"fl","c":{"a":0,"k":[1,0.8,0.2,1],"ix":4},"o":{"a":0,"k":100,"ix":5},"r":1,"bm":0,"nm":"Fill 1","mn":"ADBE Vector Graphic - Fill","hd":false},{"ty":"tr","p":{"a":0,"k":[227.141,342.771],"ix":2},"a":{"a":0,"k":[0,0],"ix":1},"s":{"a":0,"k":[100,100],"ix":3},"r":{"a":0,"k":0,"ix":6},"o":{"a":0,"k":100,"ix":7},"sk":{"a":0,"k":0,"ix":4},"sa":{"a":0,"k":0,"ix":5},"nm":"Transform"}],"nm":"Group 1","np":2,"cix":2,"bm":0,"ix":1,"mn":"ADBE Vector Group","hd":false}],"ip":103,"op":124,"st":103,"bm":0},{"ddd":0,"ind":33,"ty":4,"nm":"Layer 13 Outlines 2","parent":2,"sr":1,"ks":{"o":{"a":0,"k":100,"ix":11},"r":{"a":0,"k":0,"ix":10},"p":{"a":0,"k":[-135.711,-187.128,0],"ix":2},"a":{"a":0,"k":[314.289,262.872,0],"ix":1},"s":{"a":0,"k":[100,100,100],"ix":6}},"ao":0,"shapes":[{"ty":"gr","it":[{"ind":0,"ty":"sh","ix":1,"ks":{"a":0,"k":{"i":[[0,0],[-3.133,1.894],[1.672,2.767],[0,0],[3.132,-1.895],[-1.679,-2.759]],"o":[[1.671,2.767],[3.138,-1.895],[0,0],[-1.679,-2.774],[-3.132,1.897],[0,0]],"v":[[5.497,21.888],[14.199,23.458],[16.841,15.018],[-5.49,-21.878],[-14.198,-23.457],[-16.833,-15.02]],"c":true},"ix":2},"nm":"Path 1","mn":"ADBE Vector Shape - Group","hd":false},{"ty":"fl","c":{"a":0,"k":[1,0.8,0.2,1],"ix":4},"o":{"a":0,"k":100,"ix":5},"r":1,"bm":0,"nm":"Fill 1","mn":"ADBE Vector Graphic - Fill","hd":false},{"ty":"tr","p":{"a":0,"k":[314.287,262.871],"ix":2},"a":{"a":0,"k":[0,0],"ix":1},"s":{"a":0,"k":[100,100],"ix":3},"r":{"a":0,"k":0,"ix":6},"o":{"a":0,"k":100,"ix":7},"sk":{"a":0,"k":0,"ix":4},"sa":{"a":0,"k":0,"ix":5},"nm":"Transform"}],"nm":"Group 1","np":2,"cix":2,"bm":0,"ix":1,"mn":"ADBE Vector Group","hd":false}],"ip":154,"op":600,"st":154,"bm":0},{"ddd":0,"ind":34,"ty":4,"nm":"Layer 13 Outlines","parent":2,"sr":1,"ks":{"o":{"a":0,"k":100,"ix":11},"r":{"a":0,"k":0,"ix":10},"p":{"a":0,"k":[-135.711,-187.128,0],"ix":2},"a":{"a":0,"k":[314.289,262.872,0],"ix":1},"s":{"a":0,"k":[100,100,100],"ix":6}},"ao":0,"shapes":[{"ty":"gr","it":[{"ind":0,"ty":"sh","ix":1,"ks":{"a":0,"k":{"i":[[0,0],[-3.133,1.894],[1.672,2.767],[0,0],[3.132,-1.895],[-1.679,-2.759]],"o":[[1.671,2.767],[3.138,-1.895],[0,0],[-1.679,-2.774],[-3.132,1.897],[0,0]],"v":[[5.497,21.888],[14.199,23.458],[16.841,15.018],[-5.49,-21.878],[-14.198,-23.457],[-16.833,-15.02]],"c":true},"ix":2},"nm":"Path 1","mn":"ADBE Vector Shape - Group","hd":false},{"ty":"fl","c":{"a":0,"k":[1,0.8,0.2,1],"ix":4},"o":{"a":0,"k":100,"ix":5},"r":1,"bm":0,"nm":"Fill 1","mn":"ADBE Vector Graphic - Fill","hd":false},{"ty":"tr","p":{"a":0,"k":[314.287,262.871],"ix":2},"a":{"a":0,"k":[0,0],"ix":1},"s":{"a":0,"k":[100,100],"ix":3},"r":{"a":0,"k":0,"ix":6},"o":{"a":0,"k":100,"ix":7},"sk":{"a":0,"k":0,"ix":4},"sa":{"a":0,"k":0,"ix":5},"nm":"Transform"}],"nm":"Group 1","np":2,"cix":2,"bm":0,"ix":1,"mn":"ADBE Vector Group","hd":false}],"ip":98,"op":119,"st":98,"bm":0},{"ddd":0,"ind":35,"ty":4,"nm":"Layer 22 Outlines 2","parent":2,"sr":1,"ks":{"o":{"a":0,"k":100,"ix":11},"r":{"a":0,"k":0,"ix":10},"p":{"a":0,"k":[-44.364,-220.559,0],"ix":2},"a":{"a":0,"k":[405.636,229.441,0],"ix":1},"s":{"a":0,"k":[100,100,100],"ix":6}},"ao":0,"shapes":[{"ty":"gr","it":[{"ind":0,"ty":"sh","ix":1,"ks":{"a":0,"k":{"i":[[0,0],[3.657,0],[0,3.223],[0,0],[-3.664,0],[0.007,-3.23]],"o":[[0,3.237],[-3.658,0],[0,0],[0,-3.235],[3.658,0],[0,0]],"v":[[6.611,21.568],[-0.018,27.422],[-6.639,21.568],[-6.624,-21.57],[0.011,-27.422],[6.632,-21.567]],"c":true},"ix":2},"nm":"Path 1","mn":"ADBE Vector Shape - Group","hd":false},{"ty":"fl","c":{"a":0,"k":[1,0.8,0.2,1],"ix":4},"o":{"a":0,"k":100,"ix":5},"r":1,"bm":0,"nm":"Fill 1","mn":"ADBE Vector Graphic - Fill","hd":false},{"ty":"tr","p":{"a":0,"k":[405.639,229.441],"ix":2},"a":{"a":0,"k":[0,0],"ix":1},"s":{"a":0,"k":[100,100],"ix":3},"r":{"a":0,"k":0,"ix":6},"o":{"a":0,"k":100,"ix":7},"sk":{"a":0,"k":0,"ix":4},"sa":{"a":0,"k":0,"ix":5},"nm":"Transform"}],"nm":"Group 1","np":2,"cix":2,"bm":0,"ix":1,"mn":"ADBE Vector Group","hd":false}],"ip":149,"op":600,"st":149,"bm":0},{"ddd":0,"ind":36,"ty":4,"nm":"Layer 22 Outlines","parent":2,"sr":1,"ks":{"o":{"a":0,"k":100,"ix":11},"r":{"a":0,"k":0,"ix":10},"p":{"a":0,"k":[-44.364,-220.559,0],"ix":2},"a":{"a":0,"k":[405.636,229.441,0],"ix":1},"s":{"a":0,"k":[100,100,100],"ix":6}},"ao":0,"shapes":[{"ty":"gr","it":[{"ind":0,"ty":"sh","ix":1,"ks":{"a":0,"k":{"i":[[0,0],[3.657,0],[0,3.223],[0,0],[-3.664,0],[0.007,-3.23]],"o":[[0,3.237],[-3.658,0],[0,0],[0,-3.235],[3.658,0],[0,0]],"v":[[6.611,21.568],[-0.018,27.422],[-6.639,21.568],[-6.624,-21.57],[0.011,-27.422],[6.632,-21.567]],"c":true},"ix":2},"nm":"Path 1","mn":"ADBE Vector Shape - Group","hd":false},{"ty":"fl","c":{"a":0,"k":[1,0.8,0.2,1],"ix":4},"o":{"a":0,"k":100,"ix":5},"r":1,"bm":0,"nm":"Fill 1","mn":"ADBE Vector Graphic - Fill","hd":false},{"ty":"tr","p":{"a":0,"k":[405.639,229.441],"ix":2},"a":{"a":0,"k":[0,0],"ix":1},"s":{"a":0,"k":[100,100],"ix":3},"r":{"a":0,"k":0,"ix":6},"o":{"a":0,"k":100,"ix":7},"sk":{"a":0,"k":0,"ix":4},"sa":{"a":0,"k":0,"ix":5},"nm":"Transform"}],"nm":"Group 1","np":2,"cix":2,"bm":0,"ix":1,"mn":"ADBE Vector Group","hd":false}],"ip":93,"op":114,"st":93,"bm":0},{"ddd":0,"ind":37,"ty":4,"nm":"Layer 24 Outlines","parent":2,"sr":1,"ks":{"o":{"a":0,"k":100,"ix":11},"r":{"a":0,"k":0,"ix":10},"p":{"a":0,"k":[-106.37,35.663,0],"ix":2},"a":{"a":0,"k":[343.63,485.663,0],"ix":1},"s":{"a":1,"k":[{"i":{"x":[0.375,0.375,0.667],"y":[1,1,1]},"o":{"x":[0.65,0.65,0.333],"y":[0,0,0]},"t":20,"s":[0,0,100]},{"i":{"x":[0.311,0.311,0.667],"y":[1,1,1]},"o":{"x":[0.684,0.684,0.333],"y":[0,0,0]},"t":60,"s":[103,103,100]},{"t":80,"s":[100,100,100]}],"ix":6}},"ao":0,"shapes":[{"ty":"gr","it":[{"ind":0,"ty":"sh","ix":1,"ks":{"a":0,"k":{"i":[[-9.693,-1.938],[-3.132,0.504],[-0.818,4.788],[-0.81,0.408],[0,0],[1.511,-8.931],[-2.905,-3.43],[-0.073,0.062],[0,0],[0,0],[-0.343,0.438],[0,0],[22.242,9.662],[11.585,0],[2.248,0.452],[7.971,14.909],[0,0]],"o":[[3.46,0.7],[-2.906,-4.37],[2.453,-14.315],[0,0],[-4.621,2.42],[-0.599,3.536],[5.964,-2.383],[0,0],[0,0],[17.979,8.706],[0,0],[-0.109,0.168],[-3.913,2.724],[-2.139,0],[-11.964,-2.369],[0,0],[6.876,12.874]],"v":[[-16.169,14.711],[-6.219,14.81],[-9.416,1.046],[12.855,-23.708],[16.199,-17.273],[-2.255,2.283],[1.38,12.652],[11.439,7.046],[13.235,5.571],[15.323,6.593],[41.653,4.371],[47.544,8.594],[14.177,14.046],[-10.92,22.484],[-17.512,21.847],[-47.543,-4.174],[-41.134,-7.598]],"c":true},"ix":2},"nm":"Path 1","mn":"ADBE Vector Shape - Group","hd":false},{"ty":"fl","c":{"a":0,"k":[1,1,1,1],"ix":4},"o":{"a":0,"k":100,"ix":5},"r":1,"bm":0,"nm":"Fill 1","mn":"ADBE Vector Graphic - Fill","hd":false},{"ty":"tr","p":{"a":0,"k":[331.704,611.19],"ix":2},"a":{"a":0,"k":[0,0],"ix":1},"s":{"a":0,"k":[100,100],"ix":3},"r":{"a":0,"k":0,"ix":6},"o":{"a":0,"k":100,"ix":7},"sk":{"a":0,"k":0,"ix":4},"sa":{"a":0,"k":0,"ix":5},"nm":"Transform"}],"nm":"Group 1","np":2,"cix":2,"bm":0,"ix":1,"mn":"ADBE Vector Group","hd":false},{"ty":"gr","it":[{"ind":0,"ty":"sh","ix":1,"ks":{"a":0,"k":{"i":[[10.928,-1.324],[3.357,6.295],[-2.92,3.397],[0,0],[-2.219,-4.131],[-9.927,1.2],[-5.015,-6.169],[0.139,-0.412],[0,0],[3.548,4.369]],"o":[[-13.768,1.677],[-4.447,-8.312],[0,0],[-2.35,2.737],[1.678,3.161],[13.717,-1.65],[6.11,7.504],[0,0],[0.03,-0.073],[-3.292,-4.069]],"v":[[-1.796,6.324],[-27.257,-0.566],[-21.447,-23.83],[-15.951,-19.096],[-20.848,-3.983],[-2.665,-0.876],[25.593,5.942],[28.315,23.83],[21.424,21.538],[19.964,10.518]],"c":true},"ix":2},"nm":"Path 1","mn":"ADBE Vector Shape - Group","hd":false},{"ty":"fl","c":{"a":0,"k":[1,1,1,1],"ix":4},"o":{"a":0,"k":100,"ix":5},"r":1,"bm":0,"nm":"Fill 1","mn":"ADBE Vector Graphic - Fill","hd":false},{"ty":"tr","p":{"a":0,"k":[394.986,500.958],"ix":2},"a":{"a":0,"k":[0,0],"ix":1},"s":{"a":0,"k":[100,100],"ix":3},"r":{"a":0,"k":0,"ix":6},"o":{"a":0,"k":100,"ix":7},"sk":{"a":0,"k":0,"ix":4},"sa":{"a":0,"k":0,"ix":5},"nm":"Transform"}],"nm":"Group 2","np":2,"cix":2,"bm":0,"ix":2,"mn":"ADBE Vector Group","hd":false},{"ty":"gr","it":[{"ind":0,"ty":"sh","ix":1,"ks":{"a":0,"k":{"i":[[-4.263,-2.737],[0.087,-1.07],[0,0],[2.154,1.394],[4.556,-2.497],[0,0]],"o":[[6.321,4.121],[0,0],[0.16,-2.015],[-1.744,-1.109],[0,0],[7.306,-3.96]],"v":[[5.541,-5.963],[11.184,8.7],[3.95,8.119],[1.57,0.118],[-8.373,2.246],[-11.861,-4.134]],"c":true},"ix":2},"nm":"Path 1","mn":"ADBE Vector Shape - Group","hd":false},{"ty":"fl","c":{"a":0,"k":[1,1,1,1],"ix":4},"o":{"a":0,"k":100,"ix":5},"r":1,"bm":0,"nm":"Fill 1","mn":"ADBE Vector Graphic - Fill","hd":false},{"ty":"tr","p":{"a":0,"k":[385.153,379.75],"ix":2},"a":{"a":0,"k":[0,0],"ix":1},"s":{"a":0,"k":[100,100],"ix":3},"r":{"a":0,"k":0,"ix":6},"o":{"a":0,"k":100,"ix":7},"sk":{"a":0,"k":0,"ix":4},"sa":{"a":0,"k":0,"ix":5},"nm":"Transform"}],"nm":"Group 3","np":2,"cix":2,"bm":0,"ix":3,"mn":"ADBE Vector Group","hd":false},{"ty":"gr","it":[{"ind":0,"ty":"sh","ix":1,"ks":{"a":0,"k":{"i":[[2.284,-0.241],[0,0],[-5.228,-8.093],[6.649,-11.947],[0,0],[2.343,3.634]],"o":[[0,0],[0.497,-0.073],[3.999,6.183],[0,0],[5.087,-9.136],[-2.373,-3.691]],"v":[[-10.259,-9.484],[-10.873,-16.71],[6.874,-9.611],[2.881,17.705],[-3.47,14.167],[0.793,-5.636]],"c":true},"ix":2},"nm":"Path 1","mn":"ADBE Vector Shape - Group","hd":false},{"ty":"fl","c":{"a":0,"k":[1,1,1,1],"ix":4},"o":{"a":0,"k":100,"ix":5},"r":1,"bm":0,"nm":"Fill 1","mn":"ADBE Vector Graphic - Fill","hd":false},{"ty":"tr","p":{"a":0,"k":[416.509,557.314],"ix":2},"a":{"a":0,"k":[0,0],"ix":1},"s":{"a":0,"k":[100,100],"ix":3},"r":{"a":0,"k":0,"ix":6},"o":{"a":0,"k":100,"ix":7},"sk":{"a":0,"k":0,"ix":4},"sa":{"a":0,"k":0,"ix":5},"nm":"Transform"}],"nm":"Group 4","np":2,"cix":2,"bm":0,"ix":4,"mn":"ADBE Vector Group","hd":false},{"ty":"gr","it":[{"ind":0,"ty":"sh","ix":1,"ks":{"a":0,"k":{"i":[[-2.854,-7.489],[-26.951,1.169],[-4.686,-7.359],[6.365,-12.172],[-10.073,-5.333],[0,0],[-7.737,14.827],[3.512,5.529],[18.819,-0.368],[3.971,-3.336],[2.708,0],[1.89,1.08],[0,0],[-2.387,2.022],[2.423,7.672],[3.335,8.741],[-1.985,4.496],[2.248,2.588],[-0.117,0.522],[0,0],[-4.125,-4.718],[-3.227,-0.015],[-1.554,1.274],[0,0]],"o":[[1.292,3.391],[20.191,-0.777],[5.73,9.08],[-8.723,16.713],[0,0],[-17.176,-9.099],[5.416,-10.362],[-2.007,-3.173],[2.511,9.023],[-2.051,1.726],[-6.752,0],[0,0],[4.738,2.701],[1.328,-1.116],[-21.44,0.333],[-1.592,-4.186],[-3.629,-0.676],[-6.555,-7.497],[0,0],[-0.008,0.099],[1.605,1.826],[5.876,-8.53],[0,0],[-8.724,7.128]],"v":[[-27.813,-27.17],[6.65,-19.389],[43.207,-9.788],[35.995,24.067],[32.776,56.668],[29.374,63.077],[29.564,20.71],[37.068,-5.882],[9.774,-12.165],[7.796,6.421],[0.445,8.796],[-15.68,3.735],[-12.104,-2.587],[3.124,0.861],[2.292,-12.045],[-34.608,-24.585],[-33.309,-37.868],[-42.383,-42.437],[-46.215,-63.077],[-39.134,-61.577],[-36.915,-47.204],[-29.477,-44.631],[-13.761,-61.507],[-9.168,-55.89]],"c":true},"ix":2},"nm":"Path 1","mn":"ADBE Vector Shape - Group","hd":false},{"ty":"fl","c":{"a":0,"k":[1,1,1,1],"ix":4},"o":{"a":0,"k":100,"ix":5},"r":1,"bm":0,"nm":"Fill 1","mn":"ADBE Vector Graphic - Fill","hd":false},{"ty":"tr","p":{"a":0,"k":[378.072,419.626],"ix":2},"a":{"a":0,"k":[0,0],"ix":1},"s":{"a":0,"k":[100,100],"ix":3},"r":{"a":0,"k":0,"ix":6},"o":{"a":0,"k":100,"ix":7},"sk":{"a":0,"k":0,"ix":4},"sa":{"a":0,"k":0,"ix":5},"nm":"Transform"}],"nm":"Group 5","np":2,"cix":2,"bm":0,"ix":5,"mn":"ADBE Vector Group","hd":false},{"ty":"gr","it":[{"ind":0,"ty":"sh","ix":1,"ks":{"a":0,"k":{"i":[[4.11,-3.096],[0,0],[0.482,4.103],[17.425,7.581],[0.328,7.534],[-1.503,0.822],[0,0],[-0.241,-5.643],[-9.811,-4.27],[-0.905,-7.694]],"o":[[0,0],[3.168,-2.369],[-0.312,-2.715],[-12.717,-5.548],[-0.496,-11.099],[0,0],[-2.81,1.537],[0.205,4.449],[16.06,6.99],[0.971,8.242]],"v":[[12.841,35.714],[8.467,29.901],[16.423,19.476],[-4.461,3.479],[-24.112,-16.221],[-9.833,-35.714],[-6.345,-29.334],[-16.871,-16.534],[-1.569,-3.187],[23.637,18.64]],"c":true},"ix":2},"nm":"Path 1","mn":"ADBE Vector Shape - Group","hd":false},{"ty":"fl","c":{"a":0,"k":[1,1,1,1],"ix":4},"o":{"a":0,"k":100,"ix":5},"r":1,"bm":0,"nm":"Fill 1","mn":"ADBE Vector Graphic - Fill","hd":false},{"ty":"tr","p":{"a":0,"k":[406.155,352.323],"ix":2},"a":{"a":0,"k":[0,0],"ix":1},"s":{"a":0,"k":[100,100],"ix":3},"r":{"a":0,"k":0,"ix":6},"o":{"a":0,"k":100,"ix":7},"sk":{"a":0,"k":0,"ix":4},"sa":{"a":0,"k":0,"ix":5},"nm":"Transform"}],"nm":"Group 6","np":2,"cix":2,"bm":0,"ix":6,"mn":"ADBE Vector Group","hd":false},{"ty":"gr","it":[{"ind":0,"ty":"sh","ix":1,"ks":{"a":0,"k":{"i":[[-0.541,0.438],[0,0],[0.029,-11.567],[-7.037,-6.061],[0,0],[-0.043,8.99]],"o":[[0,0],[-0.109,0.088],[-0.014,6.737],[0,0],[-8.73,-7.543],[0.066,-14.932]],"v":[[4.231,-25.518],[8.917,-19.996],[-1.639,0.711],[8.939,20.018],[4.201,25.518],[-8.895,0.623]],"c":true},"ix":2},"nm":"Path 1","mn":"ADBE Vector Shape - Group","hd":false},{"ty":"fl","c":{"a":0,"k":[1,1,1,1],"ix":4},"o":{"a":0,"k":100,"ix":5},"r":1,"bm":0,"nm":"Fill 1","mn":"ADBE Vector Graphic - Fill","hd":false},{"ty":"tr","p":{"a":0,"k":[266.28,531.724],"ix":2},"a":{"a":0,"k":[0,0],"ix":1},"s":{"a":0,"k":[100,100],"ix":3},"r":{"a":0,"k":0,"ix":6},"o":{"a":0,"k":100,"ix":7},"sk":{"a":0,"k":0,"ix":4},"sa":{"a":0,"k":0,"ix":5},"nm":"Transform"}],"nm":"Group 7","np":2,"cix":2,"bm":0,"ix":7,"mn":"ADBE Vector Group","hd":false},{"ty":"gr","it":[{"ind":0,"ty":"sh","ix":1,"ks":{"a":0,"k":{"i":[[-3.395,5.544],[6.68,12.987],[-4.073,8.146],[-0.767,0.128],[0,0],[5.189,-10.431],[-2.095,-6.266],[-5.906,-1.132],[-0.227,-0.603],[0,0],[7.716,1.507],[5.073,-4.617],[4.84,-7.938],[4.38,0],[0,0]],"o":[[3.453,-5.658],[-5.752,-11.209],[6.839,-13.734],[0,0],[-0.153,0.029],[-2.227,4.493],[6.249,-5.066],[11.753,2.295],[0,0],[-0.044,-0.113],[-4.147,-0.847],[7.716,15.279],[-5.3,8.668],[0,0],[3.146,0]],"v":[[-10.136,30.732],[-15.064,2.234],[-17.611,-26.954],[8.245,-44.128],[9.493,-36.984],[-11.136,-23.695],[-11.333,-7.505],[6.916,-13.5],[24.378,3.53],[17.603,6.103],[5.522,-6.372],[-8.333,-0.49],[-3.946,34.525],[-24.378,44.128],[-24.378,36.872]],"c":true},"ix":2},"nm":"Path 1","mn":"ADBE Vector Shape - Group","hd":false},{"ty":"fl","c":{"a":0,"k":[1,1,1,1],"ix":4},"o":{"a":0,"k":100,"ix":5},"r":1,"bm":0,"nm":"Fill 1","mn":"ADBE Vector Graphic - Fill","hd":false},{"ty":"tr","p":{"a":0,"k":[301.451,428.701],"ix":2},"a":{"a":0,"k":[0,0],"ix":1},"s":{"a":0,"k":[100,100],"ix":3},"r":{"a":0,"k":0,"ix":6},"o":{"a":0,"k":100,"ix":7},"sk":{"a":0,"k":0,"ix":4},"sa":{"a":0,"k":0,"ix":5},"nm":"Transform"}],"nm":"Group 8","np":2,"cix":2,"bm":0,"ix":8,"mn":"ADBE Vector Group","hd":false},{"ty":"gr","it":[{"ind":0,"ty":"sh","ix":1,"ks":{"a":0,"k":{"i":[[0,0],[7.556,-7.529],[-4.664,1.982],[0.65,10.242],[-5.234,5.76],[-0.758,0.029],[0,0],[8.328,-9.23],[-0.423,-6.68],[4.483,-1.895],[2.168,0],[6.533,6.26],[2.453,-1.584],[1.999,-1.675],[-0.876,-6.691],[-12.103,-5.633],[-1.425,-0.858],[-7.198,1.196],[-0.329,-0.34],[0,0],[6.519,-0.989],[4.168,-8.373],[-0.511,-4.577],[0.737,-0.573],[0,0],[1.007,8.942],[7.986,3.705],[1.176,8.961],[-9.542,7.971],[-2.942,1.894],[5.263,22.882]],"o":[[4.103,17.753],[6.395,5.917],[4.687,-1.978],[-0.547,-8.716],[10.417,-11.501],[0,0],[-0.153,0],[-3.848,4.238],[1.132,18.275],[-1.912,0.807],[-6.432,0],[-2.701,2.044],[-2.679,1.712],[-5.162,4.293],[0.803,6.237],[1.671,0.777],[5.211,-9.939],[10.329,-1.607],[0,0],[-0.059,-0.054],[-5,0.835],[3.833,3.596],[1.642,14.833],[0,0],[4.117,-3.184],[-0.57,-5.099],[-14.666,-6.819],[-1.029,-8],[2.211,-1.847],[11.534,-7.407],[0,0]],"v":[[-1.818,-62.453],[-10.848,-26.228],[7.146,-19.487],[13.417,-38.426],[20.476,-60.242],[49.689,-72.52],[49.945,-65.264],[25.82,-55.34],[20.673,-38.878],[9.978,-12.796],[3.825,-11.599],[-16.388,-21.465],[-24.257,-16.034],[-31.447,-11.049],[-41.711,6.472],[-21.965,24.609],[-17.526,27.119],[1.095,10.093],[19.491,16.94],[14.191,21.903],[2.285,17.25],[-11.651,31.466],[-4.92,43.675],[-21.279,72.52],[-25.71,66.761],[-12.139,44.467],[-25.031,31.185],[-48.916,7.413],[-36.097,-16.636],[-28.192,-22.143],[-8.869,-60.815]],"c":true},"ix":2},"nm":"Path 1","mn":"ADBE Vector Shape - Group","hd":false},{"ty":"fl","c":{"a":0,"k":[1,1,1,1],"ix":4},"o":{"a":0,"k":100,"ix":5},"r":1,"bm":0,"nm":"Fill 1","mn":"ADBE Vector Graphic - Fill","hd":false},{"ty":"tr","p":{"a":0,"k":[335.047,524.185],"ix":2},"a":{"a":0,"k":[0,0],"ix":1},"s":{"a":0,"k":[100,100],"ix":3},"r":{"a":0,"k":0,"ix":6},"o":{"a":0,"k":100,"ix":7},"sk":{"a":0,"k":0,"ix":4},"sa":{"a":0,"k":0,"ix":5},"nm":"Transform"}],"nm":"Group 9","np":2,"cix":2,"bm":0,"ix":9,"mn":"ADBE Vector Group","hd":false},{"ty":"gr","it":[{"ind":0,"ty":"sh","ix":1,"ks":{"a":0,"k":{"i":[[-5.928,17.337],[3.679,8.271],[2.366,-0.274],[0.599,0],[1.767,1.755],[0,0],[-8.235,0.832],[-1.008,0.928],[0.46,0.695],[-19.746,19.648],[0,0],[0,0],[0,0],[-26.258,-39.919],[2.372,-10.589],[-1.628,-0.176],[-0.196,-0.283],[0,0],[4.292,0.252],[2.993,-3.027],[0.919,-0.326],[0,0]],"o":[[2.379,-6.968],[-1.854,1.318],[-0.598,0.058],[-12.942,0],[0,0],[4.38,4.344],[1.416,-0.164],[-0.424,-0.693],[-27.505,-41.841],[0,0],[0,0],[0,0],[-16.593,16.501],[8,12.187],[1.54,-0.395],[7.686,0.467],[0,0],[-0.029,-0.03],[-2.811,-0.156],[-9.702,15.293],[0,0],[0.219,-0.084]],"v":[[7.498,34.509],[5.541,11.591],[-0.766,14.102],[-2.54,14.201],[-32.549,-2.383],[-27.446,-7.549],[-1.576,6.89],[1.972,5.128],[0.833,3.076],[-5.759,-64.612],[-3.525,-66.82],[1.6,-61.69],[-0.634,-59.461],[6.907,-0.928],[15.075,33.305],[19.82,32.874],[32.549,39.977],[26.74,44.313],[19.382,40.126],[10.637,44.482],[-19.139,66.82],[-21.49,59.956]],"c":true},"ix":2},"nm":"Path 1","mn":"ADBE Vector Shape - Group","hd":false},{"ty":"fl","c":{"a":0,"k":[1,1,1,1],"ix":4},"o":{"a":0,"k":100,"ix":5},"r":1,"bm":0,"nm":"Fill 1","mn":"ADBE Vector Graphic - Fill","hd":false},{"ty":"tr","p":{"a":0,"k":[396.606,587.899],"ix":2},"a":{"a":0,"k":[0,0],"ix":1},"s":{"a":0,"k":[100,100],"ix":3},"r":{"a":0,"k":0,"ix":6},"o":{"a":0,"k":100,"ix":7},"sk":{"a":0,"k":0,"ix":4},"sa":{"a":0,"k":0,"ix":5},"nm":"Transform"}],"nm":"Group 10","np":2,"cix":2,"bm":0,"ix":10,"mn":"ADBE Vector Group","hd":false}],"ip":0,"op":600,"st":0,"bm":0},{"ddd":0,"ind":38,"ty":4,"nm":"Layer 25 Outlines","parent":2,"sr":1,"ks":{"o":{"a":0,"k":100,"ix":11},"r":{"a":1,"k":[{"i":{"x":[0.297],"y":[1]},"o":{"x":[0.641],"y":[0]},"t":0,"s":[-60]},{"t":40,"s":[0]}],"ix":10},"p":{"a":1,"k":[{"i":{"x":0.297,"y":1},"o":{"x":0.641,"y":0},"t":0,"s":[-10.74,330.931,0],"to":[0,-16.667,0],"ti":[0,16.667,0]},{"t":40,"s":[-10.74,230.931,0]}],"ix":2},"a":{"a":0,"k":[439.26,680.931,0],"ix":1},"s":{"a":1,"k":[{"i":{"x":[0.375,0.375,0.667],"y":[1,1,1]},"o":{"x":[0.65,0.65,0.333],"y":[0,0,0]},"t":0,"s":[0,0,100]},{"i":{"x":[0.311,0.311,0.667],"y":[1,1,1]},"o":{"x":[0.684,0.684,0.333],"y":[0,0,0]},"t":40,"s":[103,103,100]},{"t":60,"s":[100,100,100]}],"ix":6}},"ao":0,"shapes":[{"ty":"gr","it":[{"ind":0,"ty":"sh","ix":1,"ks":{"a":0,"k":{"i":[[0,9.065],[-8.972,8.931],[0,10.454],[-14.768,8.779],[0,0.482],[-18.381,7.69],[-22.132,0],[-1.014,-0.059],[-21.067,0],[-0.306,-22.465],[0,0],[0,0],[0,0],[34.944,0],[11.746,12.819],[3.781,0],[0,27.458],[-0.562,2.927],[0,16.833],[-4.445,7.326]],"o":[[0,-13.341],[-5.774,-8.008],[0,-17.808],[-0.015,-0.474],[0,-20.349],[7.599,-18.523],[1.023,0],[3.796,-19.02],[23.651,0],[0,0],[0,0],[0,0],[-0.672,30.867],[-20.074,0],[-3.554,0.723],[-28.827,0],[0,-3.085],[-13.446,-8.997],[0,-9.067],[-4.445,-7.314]],"v":[[-99.161,23.723],[-84.641,-10.63],[-93.825,-38.775],[-69.202,-80.935],[-69.267,-82.343],[-38.032,-127.858],[10.562,-159.517],[13.599,-159.367],[55.982,-192.768],[99.131,-152.181],[99.161,-152.181],[99.161,137.045],[99.095,137.045],[35.112,192.768],[-14.6,171.744],[-25.622,172.876],[-77.816,123.154],[-76.911,114.131],[-99.161,73.446],[-92.124,48.578]],"c":true},"ix":2},"nm":"Path 1","mn":"ADBE Vector Shape - Group","hd":false},{"ty":"fl","c":{"a":0,"k":[0.2,0.2,0.2,1],"ix":4},"o":{"a":0,"k":100,"ix":5},"r":1,"bm":0,"nm":"Fill 1","mn":"ADBE Vector Graphic - Fill","hd":false},{"ty":"tr","p":{"a":0,"k":[340.099,488.163],"ix":2},"a":{"a":0,"k":[0,0],"ix":1},"s":{"a":0,"k":[100,100],"ix":3},"r":{"a":0,"k":0,"ix":6},"o":{"a":0,"k":100,"ix":7},"sk":{"a":0,"k":0,"ix":4},"sa":{"a":0,"k":0,"ix":5},"nm":"Transform"}],"nm":"Group 1","np":2,"cix":2,"bm":0,"ix":1,"mn":"ADBE Vector Group","hd":false}],"ip":0,"op":600,"st":0,"bm":0},{"ddd":0,"ind":39,"ty":4,"nm":"Layer 26 Outlines","parent":2,"sr":1,"ks":{"o":{"a":0,"k":100,"ix":11},"r":{"a":0,"k":0,"ix":10},"p":{"a":0,"k":[209.603,35.663,0],"ix":2},"a":{"a":0,"k":[659.603,485.663,0],"ix":1},"s":{"a":1,"k":[{"i":{"x":[0.375,0.375,0.667],"y":[1,1,1]},"o":{"x":[0.65,0.65,0.333],"y":[0,0,0]},"t":20,"s":[0,0,100]},{"i":{"x":[0.311,0.311,0.667],"y":[1,1,1]},"o":{"x":[0.684,0.684,0.333],"y":[0,0,0]},"t":60,"s":[103,103,100]},{"t":80,"s":[100,100,100]}],"ix":6}},"ao":0,"shapes":[{"ty":"gr","it":[{"ind":0,"ty":"sh","ix":1,"ks":{"a":0,"k":{"i":[[9.694,-1.938],[3.124,0.504],[0.809,4.788],[0.803,0.408],[0,0],[-1.519,-8.931],[2.912,-3.43],[0.065,0.062],[0,0],[0,0],[0.342,0.438],[0,0],[-22.235,9.662],[-11.577,0],[-2.249,0.452],[-7.972,14.909],[0,0]],"o":[[-3.46,0.7],[2.897,-4.37],[-2.453,-14.315],[0,0],[4.62,2.42],[0.605,3.536],[-5.965,-2.383],[0,0],[0,0],[-17.972,8.706],[0,0],[0.116,0.168],[3.92,2.724],[2.146,0],[11.971,-2.369],[0,0],[-6.869,12.874]],"v":[[16.169,14.711],[6.227,14.81],[9.424,1.046],[-12.849,-23.708],[-16.198,-17.273],[2.263,2.283],[-1.38,12.652],[-11.432,7.046],[-13.234,5.571],[-15.323,6.593],[-41.645,4.371],[-47.544,8.594],[-14.177,14.046],[10.92,22.484],[17.513,21.847],[47.544,-4.174],[41.134,-7.598]],"c":true},"ix":2},"nm":"Path 1","mn":"ADBE Vector Shape - Group","hd":false},{"ty":"fl","c":{"a":0,"k":[1,1,1,1],"ix":4},"o":{"a":0,"k":100,"ix":5},"r":1,"bm":0,"nm":"Fill 1","mn":"ADBE Vector Graphic - Fill","hd":false},{"ty":"tr","p":{"a":0,"k":[671.525,611.19],"ix":2},"a":{"a":0,"k":[0,0],"ix":1},"s":{"a":0,"k":[100,100],"ix":3},"r":{"a":0,"k":0,"ix":6},"o":{"a":0,"k":100,"ix":7},"sk":{"a":0,"k":0,"ix":4},"sa":{"a":0,"k":0,"ix":5},"nm":"Transform"}],"nm":"Group 1","np":2,"cix":2,"bm":0,"ix":1,"mn":"ADBE Vector Group","hd":false},{"ty":"gr","it":[{"ind":0,"ty":"sh","ix":1,"ks":{"a":0,"k":{"i":[[-10.935,-1.324],[-3.358,6.295],[2.92,3.397],[0,0],[2.205,-4.131],[9.928,1.2],[5.023,-6.169],[-0.146,-0.412],[0,0],[-3.555,4.369]],"o":[[13.767,1.677],[4.437,-8.312],[0,0],[2.359,2.737],[-1.694,3.161],[-13.701,-1.65],[-6.118,7.504],[0,0],[-0.029,-0.073],[3.285,-4.069]],"v":[[1.804,6.324],[27.266,-0.566],[21.455,-23.83],[15.95,-19.096],[20.864,-3.983],[2.665,-0.876],[-25.585,5.942],[-28.308,23.83],[-21.425,21.538],[-19.957,10.518]],"c":true},"ix":2},"nm":"Path 1","mn":"ADBE Vector Shape - Group","hd":false},{"ty":"fl","c":{"a":0,"k":[1,1,1,1],"ix":4},"o":{"a":0,"k":100,"ix":5},"r":1,"bm":0,"nm":"Fill 1","mn":"ADBE Vector Graphic - Fill","hd":false},{"ty":"tr","p":{"a":0,"k":[608.242,500.958],"ix":2},"a":{"a":0,"k":[0,0],"ix":1},"s":{"a":0,"k":[100,100],"ix":3},"r":{"a":0,"k":0,"ix":6},"o":{"a":0,"k":100,"ix":7},"sk":{"a":0,"k":0,"ix":4},"sa":{"a":0,"k":0,"ix":5},"nm":"Transform"}],"nm":"Group 2","np":2,"cix":2,"bm":0,"ix":2,"mn":"ADBE Vector Group","hd":false},{"ty":"gr","it":[{"ind":0,"ty":"sh","ix":1,"ks":{"a":0,"k":{"i":[[4.277,-2.737],[-0.081,-1.07],[0,0],[-2.162,1.394],[-4.555,-2.497],[0,0]],"o":[[-6.322,4.121],[0,0],[-0.154,-2.015],[1.737,-1.109],[0,0],[-7.3,-3.96]],"v":[[-5.54,-5.963],[-11.183,8.7],[-3.95,8.119],[-1.562,0.118],[8.372,2.246],[11.862,-4.134]],"c":true},"ix":2},"nm":"Path 1","mn":"ADBE Vector Shape - Group","hd":false},{"ty":"fl","c":{"a":0,"k":[1,1,1,1],"ix":4},"o":{"a":0,"k":100,"ix":5},"r":1,"bm":0,"nm":"Fill 1","mn":"ADBE Vector Graphic - Fill","hd":false},{"ty":"tr","p":{"a":0,"k":[618.076,379.75],"ix":2},"a":{"a":0,"k":[0,0],"ix":1},"s":{"a":0,"k":[100,100],"ix":3},"r":{"a":0,"k":0,"ix":6},"o":{"a":0,"k":100,"ix":7},"sk":{"a":0,"k":0,"ix":4},"sa":{"a":0,"k":0,"ix":5},"nm":"Transform"}],"nm":"Group 3","np":2,"cix":2,"bm":0,"ix":3,"mn":"ADBE Vector Group","hd":false},{"ty":"gr","it":[{"ind":0,"ty":"sh","ix":1,"ks":{"a":0,"k":{"i":[[-2.277,-0.241],[0,0],[5.235,-8.093],[-6.644,-11.947],[0,0],[-2.343,3.634]],"o":[[0,0],[-0.504,-0.073],[-4.001,6.183],[0,0],[-5.089,-9.136],[2.387,-3.691]],"v":[[10.264,-9.484],[10.877,-16.71],[-6.876,-9.611],[-2.882,17.705],[3.476,14.167],[-0.795,-5.636]],"c":true},"ix":2},"nm":"Path 1","mn":"ADBE Vector Shape - Group","hd":false},{"ty":"fl","c":{"a":0,"k":[1,1,1,1],"ix":4},"o":{"a":0,"k":100,"ix":5},"r":1,"bm":0,"nm":"Fill 1","mn":"ADBE Vector Graphic - Fill","hd":false},{"ty":"tr","p":{"a":0,"k":[586.722,557.314],"ix":2},"a":{"a":0,"k":[0,0],"ix":1},"s":{"a":0,"k":[100,100],"ix":3},"r":{"a":0,"k":0,"ix":6},"o":{"a":0,"k":100,"ix":7},"sk":{"a":0,"k":0,"ix":4},"sa":{"a":0,"k":0,"ix":5},"nm":"Transform"}],"nm":"Group 4","np":2,"cix":2,"bm":0,"ix":4,"mn":"ADBE Vector Group","hd":false},{"ty":"gr","it":[{"ind":0,"ty":"sh","ix":1,"ks":{"a":0,"k":{"i":[[2.847,-7.489],[26.957,1.169],[4.672,-7.359],[-6.367,-12.172],[10.08,-5.333],[0,0],[7.738,14.827],[-3.526,5.529],[-18.819,-0.368],[-3.964,-3.336],[-2.708,0],[-1.883,1.08],[0,0],[2.379,2.022],[-2.417,7.672],[-3.336,8.741],[1.986,4.496],[-2.256,2.588],[0.11,0.522],[0,0],[4.124,-4.718],[3.227,-0.015],[1.555,1.274],[0,0]],"o":[[-1.292,3.391],[-20.184,-0.777],[-5.745,9.08],[8.737,16.713],[0,0],[17.176,-9.099],[-5.417,-10.362],[1.993,-3.173],[-2.503,9.023],[2.052,1.726],[6.746,0],[0,0],[-4.737,2.701],[-1.336,-1.116],[21.446,0.333],[1.592,-4.186],[3.635,-0.676],[6.548,-7.497],[0,0],[0.014,0.099],[-1.607,1.826],[-5.876,-8.53],[0,0],[8.716,7.128]],"v":[[27.817,-27.17],[-6.654,-19.389],[-43.196,-9.788],[-35.998,24.067],[-32.779,56.668],[-29.378,63.077],[-29.56,20.71],[-37.057,-5.882],[-9.779,-12.165],[-7.799,6.421],[-0.443,8.796],[15.677,3.735],[12.107,-2.587],[-3.12,0.861],[-2.295,-12.045],[34.604,-24.585],[33.305,-37.868],[42.393,-42.437],[46.219,-63.077],[39.13,-61.577],[36.919,-47.204],[29.472,-44.631],[13.763,-61.507],[9.172,-55.89]],"c":true},"ix":2},"nm":"Path 1","mn":"ADBE Vector Shape - Group","hd":false},{"ty":"fl","c":{"a":0,"k":[1,1,1,1],"ix":4},"o":{"a":0,"k":100,"ix":5},"r":1,"bm":0,"nm":"Fill 1","mn":"ADBE Vector Graphic - Fill","hd":false},{"ty":"tr","p":{"a":0,"k":[625.16,419.626],"ix":2},"a":{"a":0,"k":[0,0],"ix":1},"s":{"a":0,"k":[100,100],"ix":3},"r":{"a":0,"k":0,"ix":6},"o":{"a":0,"k":100,"ix":7},"sk":{"a":0,"k":0,"ix":4},"sa":{"a":0,"k":0,"ix":5},"nm":"Transform"}],"nm":"Group 5","np":2,"cix":2,"bm":0,"ix":5,"mn":"ADBE Vector Group","hd":false},{"ty":"gr","it":[{"ind":0,"ty":"sh","ix":1,"ks":{"a":0,"k":{"i":[[-4.11,-3.096],[0,0],[-0.481,4.103],[-17.432,7.581],[-0.321,7.534],[1.497,0.822],[0,0],[0.242,-5.643],[9.812,-4.27],[0.906,-7.694]],"o":[[0,0],[-3.161,-2.369],[0.314,-2.715],[12.717,-5.548],[0.496,-11.099],[0,0],[2.802,1.537],[-0.196,4.449],[-16.059,6.99],[-0.964,8.242]],"v":[[-12.836,35.714],[-8.471,29.901],[-16.428,19.476],[4.464,3.479],[24.108,-16.221],[9.837,-35.714],[6.348,-29.334],[16.866,-16.534],[1.566,-3.187],[-23.64,18.64]],"c":true},"ix":2},"nm":"Path 1","mn":"ADBE Vector Shape - Group","hd":false},{"ty":"fl","c":{"a":0,"k":[1,1,1,1],"ix":4},"o":{"a":0,"k":100,"ix":5},"r":1,"bm":0,"nm":"Fill 1","mn":"ADBE Vector Graphic - Fill","hd":false},{"ty":"tr","p":{"a":0,"k":[597.077,352.323],"ix":2},"a":{"a":0,"k":[0,0],"ix":1},"s":{"a":0,"k":[100,100],"ix":3},"r":{"a":0,"k":0,"ix":6},"o":{"a":0,"k":100,"ix":7},"sk":{"a":0,"k":0,"ix":4},"sa":{"a":0,"k":0,"ix":5},"nm":"Transform"}],"nm":"Group 6","np":2,"cix":2,"bm":0,"ix":6,"mn":"ADBE Vector Group","hd":false},{"ty":"gr","it":[{"ind":0,"ty":"sh","ix":1,"ks":{"a":0,"k":{"i":[[0.539,0.438],[0,0],[-0.021,-11.567],[7.029,-6.061],[0,0],[0.036,8.99]],"o":[[0,0],[0.11,0.088],[0.015,6.737],[0,0],[8.739,-7.543],[-0.073,-14.932]],"v":[[-4.233,-25.518],[-8.92,-19.996],[1.635,0.711],[-8.935,20.018],[-4.206,25.518],[8.898,0.623]],"c":true},"ix":2},"nm":"Path 1","mn":"ADBE Vector Shape - Group","hd":false},{"ty":"fl","c":{"a":0,"k":[1,1,1,1],"ix":4},"o":{"a":0,"k":100,"ix":5},"r":1,"bm":0,"nm":"Fill 1","mn":"ADBE Vector Graphic - Fill","hd":false},{"ty":"tr","p":{"a":0,"k":[736.953,531.724],"ix":2},"a":{"a":0,"k":[0,0],"ix":1},"s":{"a":0,"k":[100,100],"ix":3},"r":{"a":0,"k":0,"ix":6},"o":{"a":0,"k":100,"ix":7},"sk":{"a":0,"k":0,"ix":4},"sa":{"a":0,"k":0,"ix":5},"nm":"Transform"}],"nm":"Group 7","np":2,"cix":2,"bm":0,"ix":7,"mn":"ADBE Vector Group","hd":false},{"ty":"gr","it":[{"ind":0,"ty":"sh","ix":1,"ks":{"a":0,"k":{"i":[[3.388,5.544],[-6.68,12.987],[4.065,8.146],[0.766,0.128],[0,0],[-5.19,-10.431],[2.088,-6.266],[5.906,-1.132],[0.226,-0.603],[0,0],[-7.717,1.507],[-5.087,-4.617],[-4.839,-7.938],[-4.38,0],[0,0]],"o":[[-3.46,-5.658],[5.759,-11.209],[-6.848,-13.734],[0,0],[0.146,0.029],[2.234,4.493],[-6.248,-5.066],[-11.752,2.295],[0,0],[0.036,-0.113],[4.146,-0.847],[-7.722,15.279],[5.3,8.668],[0,0],[-3.147,0]],"v":[[10.15,30.732],[15.063,2.234],[17.619,-26.954],[-8.245,-44.128],[-9.487,-36.984],[11.135,-23.695],[11.339,-7.505],[-6.911,-13.5],[-24.378,3.53],[-17.596,6.103],[-5.523,-6.372],[8.346,-0.49],[3.953,34.525],[24.378,44.128],[24.378,36.872]],"c":true},"ix":2},"nm":"Path 1","mn":"ADBE Vector Shape - Group","hd":false},{"ty":"fl","c":{"a":0,"k":[1,1,1,1],"ix":4},"o":{"a":0,"k":100,"ix":5},"r":1,"bm":0,"nm":"Fill 1","mn":"ADBE Vector Graphic - Fill","hd":false},{"ty":"tr","p":{"a":0,"k":[701.779,428.701],"ix":2},"a":{"a":0,"k":[0,0],"ix":1},"s":{"a":0,"k":[100,100],"ix":3},"r":{"a":0,"k":0,"ix":6},"o":{"a":0,"k":100,"ix":7},"sk":{"a":0,"k":0,"ix":4},"sa":{"a":0,"k":0,"ix":5},"nm":"Transform"}],"nm":"Group 8","np":2,"cix":2,"bm":0,"ix":8,"mn":"ADBE Vector Group","hd":false},{"ty":"gr","it":[{"ind":0,"ty":"sh","ix":1,"ks":{"a":0,"k":{"i":[[0,0],[-7.548,-7.529],[4.665,1.982],[-0.65,10.242],[5.225,5.76],[0.768,0.029],[0,0],[-8.337,-9.23],[0.43,-6.68],[-4.489,-1.895],[-2.175,0],[-6.533,6.26],[-2.445,-1.584],[-2.008,-1.675],[0.876,-6.691],[12.111,-5.633],[1.431,-0.858],[7.182,1.196],[0.329,-0.34],[0,0],[-6.519,-0.989],[-4.169,-8.373],[0.511,-4.577],[-0.738,-0.573],[0,0],[-1.008,8.942],[-7.985,3.705],[-1.176,8.961],[9.541,7.971],[2.948,1.894],[-5.278,22.882]],"o":[[-4.095,17.753],[-6.394,5.917],[-4.693,-1.978],[0.532,-8.716],[-10.425,-11.501],[0,0],[0.16,0],[3.839,4.238],[-1.131,18.275],[1.905,0.807],[6.424,0],[2.694,2.044],[2.68,1.712],[5.153,4.293],[-0.81,6.237],[-1.664,0.777],[-5.205,-9.939],[-10.344,-1.607],[0,0],[0.065,-0.054],[4.993,0.835],[-3.84,3.596],[-1.643,14.833],[0,0],[-4.11,-3.184],[0.57,-5.099],[14.673,-6.819],[1.036,-8],[-2.204,-1.847],[-11.527,-7.407],[0,0]],"v":[[1.814,-62.453],[10.844,-26.228],[-7.143,-19.487],[-13.406,-38.426],[-20.464,-60.242],[-49.694,-72.52],[-49.949,-65.264],[-25.815,-55.34],[-20.669,-38.878],[-9.975,-12.796],[-3.822,-11.599],[16.391,-21.465],[24.253,-16.034],[31.452,-11.049],[41.714,6.472],[21.961,24.609],[17.523,27.119],[-1.083,10.093],[-19.494,16.94],[-14.194,21.903],[-2.281,17.25],[11.655,31.466],[4.917,43.675],[21.283,72.52],[25.706,66.761],[12.136,44.467],[25.027,31.185],[48.913,7.413],[36.094,-16.636],[28.189,-22.143],[8.88,-60.815]],"c":true},"ix":2},"nm":"Path 1","mn":"ADBE Vector Shape - Group","hd":false},{"ty":"fl","c":{"a":0,"k":[1,1,1,1],"ix":4},"o":{"a":0,"k":100,"ix":5},"r":1,"bm":0,"nm":"Fill 1","mn":"ADBE Vector Graphic - Fill","hd":false},{"ty":"tr","p":{"a":0,"k":[668.185,524.185],"ix":2},"a":{"a":0,"k":[0,0],"ix":1},"s":{"a":0,"k":[100,100],"ix":3},"r":{"a":0,"k":0,"ix":6},"o":{"a":0,"k":100,"ix":7},"sk":{"a":0,"k":0,"ix":4},"sa":{"a":0,"k":0,"ix":5},"nm":"Transform"}],"nm":"Group 9","np":2,"cix":2,"bm":0,"ix":9,"mn":"ADBE Vector Group","hd":false},{"ty":"gr","it":[{"ind":0,"ty":"sh","ix":1,"ks":{"a":0,"k":{"i":[[5.928,17.337],[-3.672,8.271],[-2.372,-0.274],[-0.592,0],[-1.775,1.755],[0,0],[8.241,0.832],[1.023,0.928],[-0.46,0.695],[19.753,19.648],[0,0],[0,0],[0,0],[26.256,-39.919],[-2.38,-10.589],[1.634,-0.176],[0.198,-0.283],[0,0],[-4.293,0.252],[-2.985,-3.027],[-0.921,-0.326],[0,0]],"o":[[-2.372,-6.968],[1.853,1.318],[0.591,0.058],[12.941,0],[0,0],[-4.38,4.344],[-1.409,-0.164],[0.423,-0.693],[27.506,-41.841],[0,0],[0,0],[0,0],[16.592,16.501],[-8.009,12.187],[-1.548,-0.395],[-7.68,0.467],[0,0],[0.029,-0.03],[2.811,-0.156],[9.701,15.293],[0,0],[-0.226,-0.084]],"v":[[-7.501,34.509],[-5.537,11.591],[0.77,14.102],[2.537,14.201],[32.554,-2.383],[27.451,-7.549],[1.573,6.89],[-1.975,5.128],[-0.836,3.076],[5.756,-64.612],[3.537,-66.82],[-1.602,-61.69],[0.639,-59.461],[-6.901,-0.928],[-15.07,33.305],[-19.822,32.874],[-32.554,39.977],[-26.735,44.313],[-19.385,40.126],[-10.64,44.482],[19.137,66.82],[21.494,59.956]],"c":true},"ix":2},"nm":"Path 1","mn":"ADBE Vector Shape - Group","hd":false},{"ty":"fl","c":{"a":0,"k":[1,1,1,1],"ix":4},"o":{"a":0,"k":100,"ix":5},"r":1,"bm":0,"nm":"Fill 1","mn":"ADBE Vector Graphic - Fill","hd":false},{"ty":"tr","p":{"a":0,"k":[606.626,587.899],"ix":2},"a":{"a":0,"k":[0,0],"ix":1},"s":{"a":0,"k":[100,100],"ix":3},"r":{"a":0,"k":0,"ix":6},"o":{"a":0,"k":100,"ix":7},"sk":{"a":0,"k":0,"ix":4},"sa":{"a":0,"k":0,"ix":5},"nm":"Transform"}],"nm":"Group 10","np":2,"cix":2,"bm":0,"ix":10,"mn":"ADBE Vector Group","hd":false}],"ip":0,"op":600,"st":0,"bm":0},{"ddd":0,"ind":40,"ty":4,"nm":"Layer 27 Outlines","parent":2,"sr":1,"ks":{"o":{"a":0,"k":100,"ix":11},"r":{"a":1,"k":[{"i":{"x":[0.297],"y":[1]},"o":{"x":[0.641],"y":[0]},"t":0,"s":[60]},{"t":40,"s":[0]}],"ix":10},"p":{"a":1,"k":[{"i":{"x":0.297,"y":1},"o":{"x":0.641,"y":0},"t":0,"s":[113.977,330.931,0],"to":[0,-16.667,0],"ti":[0,16.667,0]},{"t":40,"s":[113.977,230.931,0]}],"ix":2},"a":{"a":0,"k":[563.977,680.931,0],"ix":1},"s":{"a":1,"k":[{"i":{"x":[0.375,0.375,0.667],"y":[1,1,1]},"o":{"x":[0.65,0.65,0.333],"y":[0,0,0]},"t":0,"s":[0,0,100]},{"i":{"x":[0.311,0.311,0.667],"y":[1,1,1]},"o":{"x":[0.684,0.684,0.333],"y":[0,0,0]},"t":40,"s":[103,103,100]},{"t":60,"s":[100,100,100]}],"ix":6}},"ao":0,"shapes":[{"ty":"gr","it":[{"ind":0,"ty":"sh","ix":1,"ks":{"a":0,"k":{"i":[[0,9.065],[8.98,8.931],[0,10.454],[14.768,8.779],[0,0.482],[18.389,7.69],[22.126,0],[1.007,-0.059],[21.068,0],[0.306,-22.465],[0,0],[0,0],[0,0],[-34.945,0],[-11.753,12.819],[-3.781,0],[0,27.458],[0.569,2.927],[0,16.833],[4.452,7.326]],"o":[[0,-13.341],[5.791,-8.008],[0,-17.808],[0.015,-0.474],[0,-20.349],[-7.592,-18.523],[-1.021,0],[-3.803,-19.02],[-23.651,0],[0,0],[0,0],[0,0],[0.672,30.867],[20.075,0],[3.547,0.723],[28.827,0],[0,-3.085],[13.446,-8.997],[0,-9.067],[4.452,-7.314]],"v":[[99.157,23.723],[84.636,-10.63],[93.828,-38.775],[69.198,-80.935],[69.271,-82.343],[38.028,-127.858],[-10.56,-159.517],[-13.596,-159.367],[-55.987,-192.768],[-99.128,-152.181],[-99.157,-152.181],[-99.157,137.045],[-99.099,137.045],[-35.116,192.768],[14.603,171.744],[25.618,172.876],[77.812,123.154],[76.907,114.131],[99.157,73.446],[92.12,48.578]],"c":true},"ix":2},"nm":"Path 1","mn":"ADBE Vector Shape - Group","hd":false},{"ty":"fl","c":{"a":0,"k":[0.11372549019607843,0.8431372549019608,0.615686274509804,1],"ix":4},"o":{"a":0,"k":100,"ix":5},"r":1,"bm":0,"nm":"Fill 1","mn":"ADBE Vector Graphic - Fill","hd":false},{"ty":"tr","p":{"a":0,"k":[663.134,488.163],"ix":2},"a":{"a":0,"k":[0,0],"ix":1},"s":{"a":0,"k":[100,100],"ix":3},"r":{"a":0,"k":0,"ix":6},"o":{"a":0,"k":100,"ix":7},"sk":{"a":0,"k":0,"ix":4},"sa":{"a":0,"k":0,"ix":5},"nm":"Transform"}],"nm":"Group 1","np":2,"cix":2,"bm":0,"ix":1,"mn":"ADBE Vector Group","hd":false}],"ip":0,"op":600,"st":0,"bm":0}],"markers":[]}