{"v":"4.8.0","meta":{"g":"LottieFiles AE ","a":"","k":"","d":"","tc":""},"fr":30,"ip":0,"op":151,"w":1920,"h":1080,"nm":"Bar Chart","ddd":0,"assets":[],"fonts":{"list":[{"fName":"Lato-Medium","fFamily":"Lato","fStyle":"Medium","ascent":73.7991333007812},{"fName":"Lato-Black","fFamily":"Lato","fStyle":"Black","ascent":74.8992919921875}]},"layers":[{"ddd":0,"ind":1,"ty":5,"nm":"Bar Text - 01","sr":1,"ks":{"o":{"a":1,"k":[{"i":{"x":[0.6],"y":[1]},"o":{"x":[0.32],"y":[0.94]},"t":30,"s":[0]},{"t":55,"s":[100]}],"ix":11},"r":{"a":0,"k":0,"ix":10},"p":{"a":1,"k":[{"i":{"x":0.6,"y":1},"o":{"x":0.32,"y":0.94},"t":30,"s":[347.467,1035.081,0],"to":[0,0,0],"ti":[0,0,0]},{"t":55,"s":[347.467,955.081,0]}],"ix":2},"a":{"a":0,"k":[-3.341,0.382,0],"ix":1},"s":{"a":0,"k":[100,100,100],"ix":6}},"ao":0,"t":{"d":{"k":[{"s":{"s":37.9781684875488,"f":"Lato-Medium","t":"S","j":2,"tr":0,"lh":45.5738021850586,"ls":0,"fc":[0.373,0.427,0.631]},"t":0}]},"p":{},"m":{"g":1,"a":{"a":0,"k":[0,0],"ix":2}},"a":[]},"ip":30,"op":151,"st":30,"bm":0},{"ddd":0,"ind":2,"ty":5,"nm":"Bar Text - 02","sr":1,"ks":{"o":{"a":1,"k":[{"i":{"x":[0.6],"y":[1]},"o":{"x":[0.32],"y":[0.94]},"t":35,"s":[0]},{"t":60,"s":[100]}],"ix":11},"r":{"a":0,"k":0,"ix":10},"p":{"a":1,"k":[{"i":{"x":0.6,"y":1},"o":{"x":0.32,"y":0.94},"t":35,"s":[495.217,1032.234,0],"to":[0,0,0],"ti":[0,0,0]},{"t":60,"s":[495.217,952.234,0]}],"ix":2},"a":{"a":0,"k":[0,-2.464,0],"ix":1},"s":{"a":0,"k":[100,100,100],"ix":6}},"ao":0,"t":{"d":{"k":[{"s":{"s":37.9781684875488,"f":"Lato-Medium","t":"M","j":2,"tr":0,"lh":45.5738021850586,"ls":0,"fc":[0.373,0.427,0.631]},"t":0}]},"p":{},"m":{"g":1,"a":{"a":0,"k":[0,0],"ix":2}},"a":[]},"ip":35,"op":151,"st":35,"bm":0},{"ddd":0,"ind":3,"ty":5,"nm":"Bar Text - 03","sr":1,"ks":{"o":{"a":1,"k":[{"i":{"x":[0.6],"y":[1]},"o":{"x":[0.32],"y":[0.94]},"t":40,"s":[0]},{"t":65,"s":[100]}],"ix":11},"r":{"a":0,"k":0,"ix":10},"p":{"a":1,"k":[{"i":{"x":0.6,"y":1},"o":{"x":0.32,"y":0.94},"t":40,"s":[642.284,1032.234,0],"to":[0,0,0],"ti":[0,0,0]},{"t":65,"s":[642.284,952.234,0]}],"ix":2},"a":{"a":0,"k":[0,-2.464,0],"ix":1},"s":{"a":0,"k":[100,100,100],"ix":6}},"ao":0,"t":{"d":{"k":[{"s":{"s":37.9781684875488,"f":"Lato-Medium","t":"T","j":2,"tr":0,"lh":45.5738021850586,"ls":0,"fc":[0.373,0.427,0.631]},"t":0}]},"p":{},"m":{"g":1,"a":{"a":0,"k":[0,0],"ix":2}},"a":[]},"ip":40,"op":151,"st":40,"bm":0},{"ddd":0,"ind":4,"ty":5,"nm":"Bar Text - 04","sr":1,"ks":{"o":{"a":1,"k":[{"i":{"x":[0.6],"y":[1]},"o":{"x":[0.32],"y":[0.94]},"t":45,"s":[0]},{"t":70,"s":[100]}],"ix":11},"r":{"a":0,"k":0,"ix":10},"p":{"a":1,"k":[{"i":{"x":0.6,"y":1},"o":{"x":0.32,"y":0.94},"t":45,"s":[787.382,1032.234,0],"to":[0,0,0],"ti":[0,0,0]},{"t":70,"s":[787.382,952.234,0]}],"ix":2},"a":{"a":0,"k":[0,-2.464,0],"ix":1},"s":{"a":0,"k":[100,100,100],"ix":6}},"ao":0,"t":{"d":{"k":[{"s":{"s":37.9781684875488,"f":"Lato-Medium","t":"W","j":2,"tr":0,"lh":45.5738021850586,"ls":0,"fc":[0.373,0.427,0.631]},"t":0}]},"p":{},"m":{"g":1,"a":{"a":0,"k":[0,0],"ix":2}},"a":[]},"ip":45,"op":151,"st":45,"bm":0},{"ddd":0,"ind":5,"ty":5,"nm":"Bar Text - 05","sr":1,"ks":{"o":{"a":1,"k":[{"i":{"x":[0.6],"y":[1]},"o":{"x":[0.32],"y":[0.94]},"t":50,"s":[0]},{"t":75,"s":[100]}],"ix":11},"r":{"a":0,"k":0,"ix":10},"p":{"a":1,"k":[{"i":{"x":0.6,"y":1},"o":{"x":0.32,"y":0.94},"t":50,"s":[933.855,1032.234,0],"to":[0,0,0],"ti":[0,0,0]},{"t":75,"s":[933.855,952.234,0]}],"ix":2},"a":{"a":0,"k":[0,-2.464,0],"ix":1},"s":{"a":0,"k":[100,100,100],"ix":6}},"ao":0,"t":{"d":{"k":[{"s":{"s":37.9781684875488,"f":"Lato-Medium","t":"T","j":2,"tr":0,"lh":45.5738021850586,"ls":0,"fc":[0.373,0.427,0.631]},"t":0}]},"p":{},"m":{"g":1,"a":{"a":0,"k":[0,0],"ix":2}},"a":[]},"ip":50,"op":151,"st":50,"bm":0},{"ddd":0,"ind":6,"ty":5,"nm":"Bar Text - 06","sr":1,"ks":{"o":{"a":1,"k":[{"i":{"x":[0.6],"y":[1]},"o":{"x":[0.32],"y":[0.94]},"t":55,"s":[0]},{"t":80,"s":[100]}],"ix":11},"r":{"a":0,"k":0,"ix":10},"p":{"a":1,"k":[{"i":{"x":0.6,"y":1},"o":{"x":0.32,"y":0.94},"t":55,"s":[1078.277,1032.234,0],"to":[0,0,0],"ti":[0,0,0]},{"t":80,"s":[1078.277,952.234,0]}],"ix":2},"a":{"a":0,"k":[0,-2.464,0],"ix":1},"s":{"a":0,"k":[100,100,100],"ix":6}},"ao":0,"t":{"d":{"k":[{"s":{"s":37.9781684875488,"f":"Lato-Medium","t":"F","j":2,"tr":0,"lh":45.5738021850586,"ls":0,"fc":[0.373,0.427,0.631]},"t":0}]},"p":{},"m":{"g":1,"a":{"a":0,"k":[0,0],"ix":2}},"a":[]},"ip":55,"op":151,"st":55,"bm":0},{"ddd":0,"ind":7,"ty":5,"nm":"Bar Text - 07","sr":1,"ks":{"o":{"a":1,"k":[{"i":{"x":[0.6],"y":[1]},"o":{"x":[0.32],"y":[0.94]},"t":60,"s":[0]},{"t":85,"s":[100]}],"ix":11},"r":{"a":0,"k":0,"ix":10},"p":{"a":1,"k":[{"i":{"x":0.6,"y":1},"o":{"x":0.32,"y":0.94},"t":60,"s":[1225.523,1032.234,0],"to":[0,0,0],"ti":[0,0,0]},{"t":85,"s":[1225.523,952.234,0]}],"ix":2},"a":{"a":0,"k":[0,-2.464,0],"ix":1},"s":{"a":0,"k":[100,100,100],"ix":6}},"ao":0,"t":{"d":{"k":[{"s":{"s":37.9781684875488,"f":"Lato-Medium","t":"S","j":2,"tr":0,"lh":45.5738021850586,"ls":0,"fc":[0.373,0.427,0.631]},"t":0}]},"p":{},"m":{"g":1,"a":{"a":0,"k":[0,0],"ix":2}},"a":[]},"ip":60,"op":151,"st":60,"bm":0},{"ddd":0,"ind":8,"ty":5,"nm":"Bar Text - 08","sr":1,"ks":{"o":{"a":1,"k":[{"i":{"x":[0.6],"y":[1]},"o":{"x":[0.32],"y":[0.94]},"t":65,"s":[0]},{"t":90,"s":[100]}],"ix":11},"r":{"a":0,"k":0,"ix":10},"p":{"a":1,"k":[{"i":{"x":0.6,"y":1},"o":{"x":0.32,"y":0.94},"t":65,"s":[1369.932,1032.234,0],"to":[0,0,0],"ti":[0,0,0]},{"t":90,"s":[1369.932,952.234,0]}],"ix":2},"a":{"a":0,"k":[0,-2.464,0],"ix":1},"s":{"a":0,"k":[100,100,100],"ix":6}},"ao":0,"t":{"d":{"k":[{"s":{"s":37.9781684875488,"f":"Lato-Medium","t":"M","j":2,"tr":0,"lh":45.5738021850586,"ls":0,"fc":[0.373,0.427,0.631]},"t":0}]},"p":{},"m":{"g":1,"a":{"a":0,"k":[0,0],"ix":2}},"a":[]},"ip":65,"op":151,"st":65,"bm":0},{"ddd":0,"ind":9,"ty":5,"nm":"Bar Text - 09","sr":1,"ks":{"o":{"a":1,"k":[{"i":{"x":[0.6],"y":[1]},"o":{"x":[0.32],"y":[0.94]},"t":70,"s":[0]},{"t":95,"s":[100]}],"ix":11},"r":{"a":0,"k":0,"ix":10},"p":{"a":1,"k":[{"i":{"x":0.6,"y":1},"o":{"x":0.32,"y":0.94},"t":70,"s":[1516.998,1032.234,0],"to":[0,0,0],"ti":[0,0,0]},{"t":95,"s":[1516.998,952.234,0]}],"ix":2},"a":{"a":0,"k":[0,-2.464,0],"ix":1},"s":{"a":0,"k":[100,100,100],"ix":6}},"ao":0,"t":{"d":{"k":[{"s":{"s":37.9781684875488,"f":"Lato-Medium","t":"T","j":2,"tr":0,"lh":45.5738021850586,"ls":0,"fc":[0.373,0.427,0.631]},"t":0}]},"p":{},"m":{"g":1,"a":{"a":0,"k":[0,0],"ix":2}},"a":[]},"ip":70,"op":151,"st":70,"bm":0},{"ddd":0,"ind":10,"ty":5,"nm":"Bar Text - 10","sr":1,"ks":{"o":{"a":1,"k":[{"i":{"x":[0.6],"y":[1]},"o":{"x":[0.32],"y":[0.783]},"t":75,"s":[0]},{"t":100,"s":[100]}],"ix":11},"r":{"a":0,"k":0,"ix":10},"p":{"a":1,"k":[{"i":{"x":0.6,"y":1},"o":{"x":0.32,"y":0.94},"t":75,"s":[1662.096,1032.234,0],"to":[0,0,0],"ti":[0,0,0]},{"t":100,"s":[1662.096,952.234,0]}],"ix":2},"a":{"a":0,"k":[0,-2.464,0],"ix":1},"s":{"a":0,"k":[100,100,100],"ix":6}},"ao":0,"t":{"d":{"k":[{"s":{"s":37.9781684875488,"f":"Lato-Medium","t":"W","j":2,"tr":0,"lh":45.5738021850586,"ls":0,"fc":[0.373,0.427,0.631]},"t":0}]},"p":{},"m":{"g":1,"a":{"a":0,"k":[0,0],"ix":2}},"a":[]},"ip":75,"op":151,"st":75,"bm":0},{"ddd":0,"ind":11,"ty":4,"nm":"Bar - 01","sr":1,"ks":{"o":{"a":0,"k":100,"ix":11},"r":{"a":0,"k":0,"ix":10},"p":{"a":0,"k":[347.467,898.5,0],"ix":2},"a":{"a":0,"k":[0.533,192.112,0],"ix":1},"s":{"a":0,"k":[100,100,100],"ix":6}},"ao":0,"shapes":[{"ty":"gr","it":[{"ty":"rc","d":1,"s":{"a":0,"k":[53,53],"ix":2},"p":{"a":0,"k":[0,0],"ix":3},"r":{"a":0,"k":0,"ix":4},"nm":"Rectangle Path 1","mn":"ADBE Vector Shape - Rect","hd":false},{"ty":"fl","c":{"a":0,"k":[0.133333340287,0.152941182256,0.21960785985,1],"ix":4},"o":{"a":0,"k":100,"ix":5},"r":1,"bm":0,"nm":"Fill 1","mn":"ADBE Vector Graphic - Fill","hd":false},{"ty":"tr","p":{"a":0,"k":[0,220.218],"ix":2},"a":{"a":0,"k":[0,0],"ix":1},"s":{"a":0,"k":[100,100],"ix":3},"r":{"a":0,"k":0,"ix":6},"o":{"a":0,"k":100,"ix":7},"sk":{"a":0,"k":0,"ix":4},"sa":{"a":0,"k":0,"ix":5},"nm":"Transform"}],"nm":"Group 1","np":2,"cix":2,"bm":0,"ix":1,"mn":"ADBE Vector Group","hd":false},{"ty":"gr","it":[{"ind":0,"ty":"sh","ix":1,"ks":{"a":0,"k":{"i":[[0,0],[0,0]],"o":[[0,0],[0,0]],"v":[[0.533,192.112],[0.533,-369.263]],"c":false},"ix":2},"nm":"Path 1","mn":"ADBE Vector Shape - Group","hd":false},{"ty":"st","c":{"a":0,"k":[0.52070993185,0.955621659756,0.97929006815,1],"ix":3},"o":{"a":0,"k":100,"ix":4},"w":{"a":0,"k":30,"ix":5},"lc":2,"lj":1,"ml":4,"bm":0,"nm":"Stroke 1","mn":"ADBE Vector Graphic - Stroke","hd":false},{"ty":"tm","s":{"a":0,"k":0,"ix":1},"e":{"a":1,"k":[{"i":{"x":[0.6],"y":[1]},"o":{"x":[0.32],"y":[0.94]},"t":30,"s":[0]},{"t":60,"s":[65]}],"ix":2},"o":{"a":0,"k":0,"ix":3},"m":1,"ix":3,"nm":"Bar Animation","mn":"ADBE Vector Filter - Trim","hd":false},{"ty":"tr","p":{"a":0,"k":[0,0],"ix":2},"a":{"a":0,"k":[0,0],"ix":1},"s":{"a":0,"k":[100,100],"ix":3},"r":{"a":0,"k":0,"ix":6},"o":{"a":0,"k":100,"ix":7},"sk":{"a":0,"k":0,"ix":4},"sa":{"a":0,"k":0,"ix":5},"nm":"Transform"}],"nm":"Bar Shape","np":3,"cix":2,"bm":0,"ix":2,"mn":"ADBE Vector Group","hd":false}],"ip":30,"op":151,"st":30,"bm":0},{"ddd":0,"ind":12,"ty":4,"nm":"Bar - 02","sr":1,"ks":{"o":{"a":0,"k":100,"ix":11},"r":{"a":0,"k":0,"ix":10},"p":{"a":0,"k":[493.537,898.5,0],"ix":2},"a":{"a":0,"k":[0.533,192.112,0],"ix":1},"s":{"a":0,"k":[100,100,100],"ix":6}},"ao":0,"shapes":[{"ty":"gr","it":[{"ty":"rc","d":1,"s":{"a":0,"k":[53,53],"ix":2},"p":{"a":0,"k":[0,0],"ix":3},"r":{"a":0,"k":0,"ix":4},"nm":"Rectangle Path 1","mn":"ADBE Vector Shape - Rect","hd":false},{"ty":"fl","c":{"a":0,"k":[0.133333340287,0.152941182256,0.21960785985,1],"ix":4},"o":{"a":0,"k":100,"ix":5},"r":1,"bm":0,"nm":"Fill 1","mn":"ADBE Vector Graphic - Fill","hd":false},{"ty":"tr","p":{"a":0,"k":[0,220.218],"ix":2},"a":{"a":0,"k":[0,0],"ix":1},"s":{"a":0,"k":[100,100],"ix":3},"r":{"a":0,"k":0,"ix":6},"o":{"a":0,"k":100,"ix":7},"sk":{"a":0,"k":0,"ix":4},"sa":{"a":0,"k":0,"ix":5},"nm":"Transform"}],"nm":"Group 1","np":2,"cix":2,"bm":0,"ix":1,"mn":"ADBE Vector Group","hd":false},{"ty":"gr","it":[{"ind":0,"ty":"sh","ix":1,"ks":{"a":0,"k":{"i":[[0,0],[0,0]],"o":[[0,0],[0,0]],"v":[[0.533,192.112],[0.533,-369.263]],"c":false},"ix":2},"nm":"Path 1","mn":"ADBE Vector Shape - Group","hd":false},{"ty":"st","c":{"a":0,"k":[0.52070993185,0.955621659756,0.97929006815,1],"ix":3},"o":{"a":0,"k":100,"ix":4},"w":{"a":0,"k":30,"ix":5},"lc":2,"lj":1,"ml":4,"bm":0,"nm":"Stroke 1","mn":"ADBE Vector Graphic - Stroke","hd":false},{"ty":"tm","s":{"a":0,"k":0,"ix":1},"e":{"a":1,"k":[{"i":{"x":[0.6],"y":[1]},"o":{"x":[0.32],"y":[0.94]},"t":35,"s":[0]},{"t":65,"s":[25]}],"ix":2},"o":{"a":0,"k":0,"ix":3},"m":1,"ix":3,"nm":"Bar Animation","mn":"ADBE Vector Filter - Trim","hd":false},{"ty":"tr","p":{"a":0,"k":[0,0],"ix":2},"a":{"a":0,"k":[0,0],"ix":1},"s":{"a":0,"k":[100,100],"ix":3},"r":{"a":0,"k":0,"ix":6},"o":{"a":0,"k":100,"ix":7},"sk":{"a":0,"k":0,"ix":4},"sa":{"a":0,"k":0,"ix":5},"nm":"Transform"}],"nm":"Bar Shape","np":3,"cix":2,"bm":0,"ix":2,"mn":"ADBE Vector Group","hd":false}],"ip":35,"op":151,"st":35,"bm":0},{"ddd":0,"ind":13,"ty":4,"nm":"Bar - 03","sr":1,"ks":{"o":{"a":0,"k":100,"ix":11},"r":{"a":0,"k":0,"ix":10},"p":{"a":0,"k":[639.607,898.5,0],"ix":2},"a":{"a":0,"k":[0.533,192.112,0],"ix":1},"s":{"a":0,"k":[100,100,100],"ix":6}},"ao":0,"shapes":[{"ty":"gr","it":[{"ty":"rc","d":1,"s":{"a":0,"k":[53,53],"ix":2},"p":{"a":0,"k":[0,0],"ix":3},"r":{"a":0,"k":0,"ix":4},"nm":"Rectangle Path 1","mn":"ADBE Vector Shape - Rect","hd":false},{"ty":"fl","c":{"a":0,"k":[0.133333340287,0.152941182256,0.21960785985,1],"ix":4},"o":{"a":0,"k":100,"ix":5},"r":1,"bm":0,"nm":"Fill 1","mn":"ADBE Vector Graphic - Fill","hd":false},{"ty":"tr","p":{"a":0,"k":[0,220.218],"ix":2},"a":{"a":0,"k":[0,0],"ix":1},"s":{"a":0,"k":[100,100],"ix":3},"r":{"a":0,"k":0,"ix":6},"o":{"a":0,"k":100,"ix":7},"sk":{"a":0,"k":0,"ix":4},"sa":{"a":0,"k":0,"ix":5},"nm":"Transform"}],"nm":"Group 1","np":2,"cix":2,"bm":0,"ix":1,"mn":"ADBE Vector Group","hd":false},{"ty":"gr","it":[{"ind":0,"ty":"sh","ix":1,"ks":{"a":0,"k":{"i":[[0,0],[0,0]],"o":[[0,0],[0,0]],"v":[[0.533,192.112],[0.533,-369.263]],"c":false},"ix":2},"nm":"Path 1","mn":"ADBE Vector Shape - Group","hd":false},{"ty":"st","c":{"a":0,"k":[0.52070993185,0.955621659756,0.97929006815,1],"ix":3},"o":{"a":0,"k":100,"ix":4},"w":{"a":0,"k":30,"ix":5},"lc":2,"lj":1,"ml":4,"bm":0,"nm":"Stroke 1","mn":"ADBE Vector Graphic - Stroke","hd":false},{"ty":"tm","s":{"a":0,"k":0,"ix":1},"e":{"a":1,"k":[{"i":{"x":[0.6],"y":[1]},"o":{"x":[0.32],"y":[0.94]},"t":40,"s":[0]},{"t":70,"s":[39]}],"ix":2},"o":{"a":0,"k":0,"ix":3},"m":1,"ix":3,"nm":"Bar Animation","mn":"ADBE Vector Filter - Trim","hd":false},{"ty":"tr","p":{"a":0,"k":[0,0],"ix":2},"a":{"a":0,"k":[0,0],"ix":1},"s":{"a":0,"k":[100,100],"ix":3},"r":{"a":0,"k":0,"ix":6},"o":{"a":0,"k":100,"ix":7},"sk":{"a":0,"k":0,"ix":4},"sa":{"a":0,"k":0,"ix":5},"nm":"Transform"}],"nm":"Bar Shape","np":3,"cix":2,"bm":0,"ix":2,"mn":"ADBE Vector Group","hd":false}],"ip":40,"op":151,"st":40,"bm":0},{"ddd":0,"ind":14,"ty":4,"nm":"Bar - 04","sr":1,"ks":{"o":{"a":0,"k":100,"ix":11},"r":{"a":0,"k":0,"ix":10},"p":{"a":0,"k":[785.677,898.5,0],"ix":2},"a":{"a":0,"k":[0.533,192.112,0],"ix":1},"s":{"a":0,"k":[100,100,100],"ix":6}},"ao":0,"shapes":[{"ty":"gr","it":[{"ty":"rc","d":1,"s":{"a":0,"k":[53,53],"ix":2},"p":{"a":0,"k":[0,0],"ix":3},"r":{"a":0,"k":0,"ix":4},"nm":"Rectangle Path 1","mn":"ADBE Vector Shape - Rect","hd":false},{"ty":"fl","c":{"a":0,"k":[0.133333340287,0.152941182256,0.21960785985,1],"ix":4},"o":{"a":0,"k":100,"ix":5},"r":1,"bm":0,"nm":"Fill 1","mn":"ADBE Vector Graphic - Fill","hd":false},{"ty":"tr","p":{"a":0,"k":[0,220.218],"ix":2},"a":{"a":0,"k":[0,0],"ix":1},"s":{"a":0,"k":[100,100],"ix":3},"r":{"a":0,"k":0,"ix":6},"o":{"a":0,"k":100,"ix":7},"sk":{"a":0,"k":0,"ix":4},"sa":{"a":0,"k":0,"ix":5},"nm":"Transform"}],"nm":"Group 1","np":2,"cix":2,"bm":0,"ix":1,"mn":"ADBE Vector Group","hd":false},{"ty":"gr","it":[{"ind":0,"ty":"sh","ix":1,"ks":{"a":0,"k":{"i":[[0,0],[0,0]],"o":[[0,0],[0,0]],"v":[[0.533,192.112],[0.533,-369.263]],"c":false},"ix":2},"nm":"Path 1","mn":"ADBE Vector Shape - Group","hd":false},{"ty":"st","c":{"a":0,"k":[0.52070993185,0.955621659756,0.97929006815,1],"ix":3},"o":{"a":0,"k":100,"ix":4},"w":{"a":0,"k":30,"ix":5},"lc":2,"lj":1,"ml":4,"bm":0,"nm":"Stroke 1","mn":"ADBE Vector Graphic - Stroke","hd":false},{"ty":"tm","s":{"a":0,"k":0,"ix":1},"e":{"a":1,"k":[{"i":{"x":[0.6],"y":[1]},"o":{"x":[0.32],"y":[0.94]},"t":45,"s":[0]},{"t":75,"s":[55]}],"ix":2},"o":{"a":0,"k":0,"ix":3},"m":1,"ix":3,"nm":"Bar Animation","mn":"ADBE Vector Filter - Trim","hd":false},{"ty":"tr","p":{"a":0,"k":[0,0],"ix":2},"a":{"a":0,"k":[0,0],"ix":1},"s":{"a":0,"k":[100,100],"ix":3},"r":{"a":0,"k":0,"ix":6},"o":{"a":0,"k":100,"ix":7},"sk":{"a":0,"k":0,"ix":4},"sa":{"a":0,"k":0,"ix":5},"nm":"Transform"}],"nm":"Bar Shape","np":3,"cix":2,"bm":0,"ix":2,"mn":"ADBE Vector Group","hd":false}],"ip":45,"op":151,"st":45,"bm":0},{"ddd":0,"ind":15,"ty":4,"nm":"Bar - 05","sr":1,"ks":{"o":{"a":0,"k":100,"ix":11},"r":{"a":0,"k":0,"ix":10},"p":{"a":0,"k":[931.747,898.5,0],"ix":2},"a":{"a":0,"k":[0.533,192.112,0],"ix":1},"s":{"a":0,"k":[100,100,100],"ix":6}},"ao":0,"shapes":[{"ty":"gr","it":[{"ty":"rc","d":1,"s":{"a":0,"k":[53,53],"ix":2},"p":{"a":0,"k":[0,0],"ix":3},"r":{"a":0,"k":0,"ix":4},"nm":"Rectangle Path 1","mn":"ADBE Vector Shape - Rect","hd":false},{"ty":"fl","c":{"a":0,"k":[0.133333340287,0.152941182256,0.21960785985,1],"ix":4},"o":{"a":0,"k":100,"ix":5},"r":1,"bm":0,"nm":"Fill 1","mn":"ADBE Vector Graphic - Fill","hd":false},{"ty":"tr","p":{"a":0,"k":[0,220.218],"ix":2},"a":{"a":0,"k":[0,0],"ix":1},"s":{"a":0,"k":[100,100],"ix":3},"r":{"a":0,"k":0,"ix":6},"o":{"a":0,"k":100,"ix":7},"sk":{"a":0,"k":0,"ix":4},"sa":{"a":0,"k":0,"ix":5},"nm":"Transform"}],"nm":"Group 1","np":2,"cix":2,"bm":0,"ix":1,"mn":"ADBE Vector Group","hd":false},{"ty":"gr","it":[{"ind":0,"ty":"sh","ix":1,"ks":{"a":0,"k":{"i":[[0,0],[0,0]],"o":[[0,0],[0,0]],"v":[[0.533,192.112],[0.533,-369.263]],"c":false},"ix":2},"nm":"Path 1","mn":"ADBE Vector Shape - Group","hd":false},{"ty":"st","c":{"a":0,"k":[0.52070993185,0.955621659756,0.97929006815,1],"ix":3},"o":{"a":0,"k":100,"ix":4},"w":{"a":0,"k":30,"ix":5},"lc":2,"lj":1,"ml":4,"bm":0,"nm":"Stroke 1","mn":"ADBE Vector Graphic - Stroke","hd":false},{"ty":"tm","s":{"a":0,"k":0,"ix":1},"e":{"a":1,"k":[{"i":{"x":[0.6],"y":[1]},"o":{"x":[0.32],"y":[0.94]},"t":50,"s":[0]},{"t":80,"s":[89]}],"ix":2},"o":{"a":0,"k":0,"ix":3},"m":1,"ix":3,"nm":"Bar Animation","mn":"ADBE Vector Filter - Trim","hd":false},{"ty":"tr","p":{"a":0,"k":[0,0],"ix":2},"a":{"a":0,"k":[0,0],"ix":1},"s":{"a":0,"k":[100,100],"ix":3},"r":{"a":0,"k":0,"ix":6},"o":{"a":0,"k":100,"ix":7},"sk":{"a":0,"k":0,"ix":4},"sa":{"a":0,"k":0,"ix":5},"nm":"Transform"}],"nm":"Bar Shape","np":3,"cix":2,"bm":0,"ix":2,"mn":"ADBE Vector Group","hd":false}],"ip":50,"op":151,"st":50,"bm":0},{"ddd":0,"ind":16,"ty":4,"nm":"Bar - 06","sr":1,"ks":{"o":{"a":0,"k":100,"ix":11},"r":{"a":0,"k":0,"ix":10},"p":{"a":0,"k":[1077.816,898.5,0],"ix":2},"a":{"a":0,"k":[0.533,192.112,0],"ix":1},"s":{"a":0,"k":[100,100,100],"ix":6}},"ao":0,"shapes":[{"ty":"gr","it":[{"ty":"rc","d":1,"s":{"a":0,"k":[53,53],"ix":2},"p":{"a":0,"k":[0,0],"ix":3},"r":{"a":0,"k":0,"ix":4},"nm":"Rectangle Path 1","mn":"ADBE Vector Shape - Rect","hd":false},{"ty":"fl","c":{"a":0,"k":[0.133333340287,0.152941182256,0.21960785985,1],"ix":4},"o":{"a":0,"k":100,"ix":5},"r":1,"bm":0,"nm":"Fill 1","mn":"ADBE Vector Graphic - Fill","hd":false},{"ty":"tr","p":{"a":0,"k":[0,220.218],"ix":2},"a":{"a":0,"k":[0,0],"ix":1},"s":{"a":0,"k":[100,100],"ix":3},"r":{"a":0,"k":0,"ix":6},"o":{"a":0,"k":100,"ix":7},"sk":{"a":0,"k":0,"ix":4},"sa":{"a":0,"k":0,"ix":5},"nm":"Transform"}],"nm":"Group 1","np":2,"cix":2,"bm":0,"ix":1,"mn":"ADBE Vector Group","hd":false},{"ty":"gr","it":[{"ind":0,"ty":"sh","ix":1,"ks":{"a":0,"k":{"i":[[0,0],[0,0]],"o":[[0,0],[0,0]],"v":[[0.533,192.112],[0.533,-369.263]],"c":false},"ix":2},"nm":"Path 1","mn":"ADBE Vector Shape - Group","hd":false},{"ty":"st","c":{"a":0,"k":[0.52070993185,0.955621659756,0.97929006815,1],"ix":3},"o":{"a":0,"k":100,"ix":4},"w":{"a":0,"k":30,"ix":5},"lc":2,"lj":1,"ml":4,"bm":0,"nm":"Stroke 1","mn":"ADBE Vector Graphic - Stroke","hd":false},{"ty":"tm","s":{"a":0,"k":0,"ix":1},"e":{"a":1,"k":[{"i":{"x":[0.6],"y":[1]},"o":{"x":[0.32],"y":[0.94]},"t":55,"s":[0]},{"t":85,"s":[42]}],"ix":2},"o":{"a":0,"k":0,"ix":3},"m":1,"ix":3,"nm":"Bar Animation","mn":"ADBE Vector Filter - Trim","hd":false},{"ty":"tr","p":{"a":0,"k":[0,0],"ix":2},"a":{"a":0,"k":[0,0],"ix":1},"s":{"a":0,"k":[100,100],"ix":3},"r":{"a":0,"k":0,"ix":6},"o":{"a":0,"k":100,"ix":7},"sk":{"a":0,"k":0,"ix":4},"sa":{"a":0,"k":0,"ix":5},"nm":"Transform"}],"nm":"Bar Shape","np":3,"cix":2,"bm":0,"ix":2,"mn":"ADBE Vector Group","hd":false}],"ip":55,"op":151,"st":55,"bm":0},{"ddd":0,"ind":17,"ty":4,"nm":"Bar - 07","sr":1,"ks":{"o":{"a":0,"k":100,"ix":11},"r":{"a":0,"k":0,"ix":10},"p":{"a":0,"k":[1223.886,898.5,0],"ix":2},"a":{"a":0,"k":[0.533,192.112,0],"ix":1},"s":{"a":0,"k":[100,100,100],"ix":6}},"ao":0,"shapes":[{"ty":"gr","it":[{"ty":"rc","d":1,"s":{"a":0,"k":[53,53],"ix":2},"p":{"a":0,"k":[0,0],"ix":3},"r":{"a":0,"k":0,"ix":4},"nm":"Rectangle Path 1","mn":"ADBE Vector Shape - Rect","hd":false},{"ty":"fl","c":{"a":0,"k":[0.133333340287,0.152941182256,0.21960785985,1],"ix":4},"o":{"a":0,"k":100,"ix":5},"r":1,"bm":0,"nm":"Fill 1","mn":"ADBE Vector Graphic - Fill","hd":false},{"ty":"tr","p":{"a":0,"k":[0,220.218],"ix":2},"a":{"a":0,"k":[0,0],"ix":1},"s":{"a":0,"k":[100,100],"ix":3},"r":{"a":0,"k":0,"ix":6},"o":{"a":0,"k":100,"ix":7},"sk":{"a":0,"k":0,"ix":4},"sa":{"a":0,"k":0,"ix":5},"nm":"Transform"}],"nm":"Group 1","np":2,"cix":2,"bm":0,"ix":1,"mn":"ADBE Vector Group","hd":false},{"ty":"gr","it":[{"ind":0,"ty":"sh","ix":1,"ks":{"a":0,"k":{"i":[[0,0],[0,0]],"o":[[0,0],[0,0]],"v":[[0.533,192.112],[0.533,-369.263]],"c":false},"ix":2},"nm":"Path 1","mn":"ADBE Vector Shape - Group","hd":false},{"ty":"st","c":{"a":0,"k":[0.52070993185,0.955621659756,0.97929006815,1],"ix":3},"o":{"a":0,"k":100,"ix":4},"w":{"a":0,"k":30,"ix":5},"lc":2,"lj":1,"ml":4,"bm":0,"nm":"Stroke 1","mn":"ADBE Vector Graphic - Stroke","hd":false},{"ty":"tm","s":{"a":0,"k":0,"ix":1},"e":{"a":1,"k":[{"i":{"x":[0.6],"y":[1]},"o":{"x":[0.32],"y":[0.94]},"t":60,"s":[0]},{"t":90,"s":[36]}],"ix":2},"o":{"a":0,"k":0,"ix":3},"m":1,"ix":3,"nm":"Bar Animation","mn":"ADBE Vector Filter - Trim","hd":false},{"ty":"tr","p":{"a":0,"k":[0,0],"ix":2},"a":{"a":0,"k":[0,0],"ix":1},"s":{"a":0,"k":[100,100],"ix":3},"r":{"a":0,"k":0,"ix":6},"o":{"a":0,"k":100,"ix":7},"sk":{"a":0,"k":0,"ix":4},"sa":{"a":0,"k":0,"ix":5},"nm":"Transform"}],"nm":"Bar Shape","np":3,"cix":2,"bm":0,"ix":2,"mn":"ADBE Vector Group","hd":false}],"ip":60,"op":151,"st":60,"bm":0},{"ddd":0,"ind":18,"ty":4,"nm":"Bar - 08","sr":1,"ks":{"o":{"a":0,"k":100,"ix":11},"r":{"a":0,"k":0,"ix":10},"p":{"a":0,"k":[1369.956,898.5,0],"ix":2},"a":{"a":0,"k":[0.533,192.112,0],"ix":1},"s":{"a":0,"k":[100,100,100],"ix":6}},"ao":0,"shapes":[{"ty":"gr","it":[{"ty":"rc","d":1,"s":{"a":0,"k":[53,53],"ix":2},"p":{"a":0,"k":[0,0],"ix":3},"r":{"a":0,"k":0,"ix":4},"nm":"Rectangle Path 1","mn":"ADBE Vector Shape - Rect","hd":false},{"ty":"fl","c":{"a":0,"k":[0.133333340287,0.152941182256,0.21960785985,1],"ix":4},"o":{"a":0,"k":100,"ix":5},"r":1,"bm":0,"nm":"Fill 1","mn":"ADBE Vector Graphic - Fill","hd":false},{"ty":"tr","p":{"a":0,"k":[0,220.218],"ix":2},"a":{"a":0,"k":[0,0],"ix":1},"s":{"a":0,"k":[100,100],"ix":3},"r":{"a":0,"k":0,"ix":6},"o":{"a":0,"k":100,"ix":7},"sk":{"a":0,"k":0,"ix":4},"sa":{"a":0,"k":0,"ix":5},"nm":"Transform"}],"nm":"Group 1","np":2,"cix":2,"bm":0,"ix":1,"mn":"ADBE Vector Group","hd":false},{"ty":"gr","it":[{"ind":0,"ty":"sh","ix":1,"ks":{"a":0,"k":{"i":[[0,0],[0,0]],"o":[[0,0],[0,0]],"v":[[0.533,192.112],[0.533,-369.263]],"c":false},"ix":2},"nm":"Path 1","mn":"ADBE Vector Shape - Group","hd":false},{"ty":"st","c":{"a":0,"k":[0.52070993185,0.955621659756,0.97929006815,1],"ix":3},"o":{"a":0,"k":100,"ix":4},"w":{"a":0,"k":30,"ix":5},"lc":2,"lj":1,"ml":4,"bm":0,"nm":"Stroke 1","mn":"ADBE Vector Graphic - Stroke","hd":false},{"ty":"tm","s":{"a":0,"k":0,"ix":1},"e":{"a":1,"k":[{"i":{"x":[0.6],"y":[1]},"o":{"x":[0.32],"y":[0.94]},"t":65,"s":[0]},{"t":95,"s":[72]}],"ix":2},"o":{"a":0,"k":0,"ix":3},"m":1,"ix":3,"nm":"Bar Animation","mn":"ADBE Vector Filter - Trim","hd":false},{"ty":"tr","p":{"a":0,"k":[0,0],"ix":2},"a":{"a":0,"k":[0,0],"ix":1},"s":{"a":0,"k":[100,100],"ix":3},"r":{"a":0,"k":0,"ix":6},"o":{"a":0,"k":100,"ix":7},"sk":{"a":0,"k":0,"ix":4},"sa":{"a":0,"k":0,"ix":5},"nm":"Transform"}],"nm":"Bar Shape","np":3,"cix":2,"bm":0,"ix":2,"mn":"ADBE Vector Group","hd":false}],"ip":65,"op":151,"st":65,"bm":0},{"ddd":0,"ind":19,"ty":4,"nm":"Bar - 09","sr":1,"ks":{"o":{"a":0,"k":100,"ix":11},"r":{"a":0,"k":0,"ix":10},"p":{"a":0,"k":[1516.026,898.5,0],"ix":2},"a":{"a":0,"k":[0.533,192.112,0],"ix":1},"s":{"a":0,"k":[100,100,100],"ix":6}},"ao":0,"shapes":[{"ty":"gr","it":[{"ty":"rc","d":1,"s":{"a":0,"k":[53,53],"ix":2},"p":{"a":0,"k":[0,0],"ix":3},"r":{"a":0,"k":0,"ix":4},"nm":"Rectangle Path 1","mn":"ADBE Vector Shape - Rect","hd":false},{"ty":"fl","c":{"a":0,"k":[0.133333340287,0.152941182256,0.21960785985,1],"ix":4},"o":{"a":0,"k":100,"ix":5},"r":1,"bm":0,"nm":"Fill 1","mn":"ADBE Vector Graphic - Fill","hd":false},{"ty":"tr","p":{"a":0,"k":[0,220.218],"ix":2},"a":{"a":0,"k":[0,0],"ix":1},"s":{"a":0,"k":[100,100],"ix":3},"r":{"a":0,"k":0,"ix":6},"o":{"a":0,"k":100,"ix":7},"sk":{"a":0,"k":0,"ix":4},"sa":{"a":0,"k":0,"ix":5},"nm":"Transform"}],"nm":"Group 1","np":2,"cix":2,"bm":0,"ix":1,"mn":"ADBE Vector Group","hd":false},{"ty":"gr","it":[{"ind":0,"ty":"sh","ix":1,"ks":{"a":0,"k":{"i":[[0,0],[0,0]],"o":[[0,0],[0,0]],"v":[[0.533,192.112],[0.533,-369.263]],"c":false},"ix":2},"nm":"Path 1","mn":"ADBE Vector Shape - Group","hd":false},{"ty":"st","c":{"a":0,"k":[0.52070993185,0.955621659756,0.97929006815,1],"ix":3},"o":{"a":0,"k":100,"ix":4},"w":{"a":0,"k":30,"ix":5},"lc":2,"lj":1,"ml":4,"bm":0,"nm":"Stroke 1","mn":"ADBE Vector Graphic - Stroke","hd":false},{"ty":"tm","s":{"a":0,"k":0,"ix":1},"e":{"a":1,"k":[{"i":{"x":[0.6],"y":[1]},"o":{"x":[0.32],"y":[0.94]},"t":70,"s":[0]},{"t":100,"s":[89]}],"ix":2},"o":{"a":0,"k":0,"ix":3},"m":1,"ix":3,"nm":"Bar Animation","mn":"ADBE Vector Filter - Trim","hd":false},{"ty":"tr","p":{"a":0,"k":[0,0],"ix":2},"a":{"a":0,"k":[0,0],"ix":1},"s":{"a":0,"k":[100,100],"ix":3},"r":{"a":0,"k":0,"ix":6},"o":{"a":0,"k":100,"ix":7},"sk":{"a":0,"k":0,"ix":4},"sa":{"a":0,"k":0,"ix":5},"nm":"Transform"}],"nm":"Bar Shape","np":3,"cix":2,"bm":0,"ix":2,"mn":"ADBE Vector Group","hd":false}],"ip":70,"op":151,"st":70,"bm":0},{"ddd":0,"ind":20,"ty":4,"nm":"Bar - 10","sr":1,"ks":{"o":{"a":0,"k":100,"ix":11},"r":{"a":0,"k":0,"ix":10},"p":{"a":0,"k":[1662.096,898.5,0],"ix":2},"a":{"a":0,"k":[0.533,192.112,0],"ix":1},"s":{"a":0,"k":[100,100,100],"ix":6}},"ao":0,"shapes":[{"ty":"gr","it":[{"ty":"rc","d":1,"s":{"a":0,"k":[53,53],"ix":2},"p":{"a":0,"k":[0,0],"ix":3},"r":{"a":0,"k":0,"ix":4},"nm":"Rectangle Path 1","mn":"ADBE Vector Shape - Rect","hd":false},{"ty":"fl","c":{"a":0,"k":[0.133333340287,0.152941182256,0.21960785985,1],"ix":4},"o":{"a":0,"k":100,"ix":5},"r":1,"bm":0,"nm":"Fill 1","mn":"ADBE Vector Graphic - Fill","hd":false},{"ty":"tr","p":{"a":0,"k":[0,220.218],"ix":2},"a":{"a":0,"k":[0,0],"ix":1},"s":{"a":0,"k":[100,100],"ix":3},"r":{"a":0,"k":0,"ix":6},"o":{"a":0,"k":100,"ix":7},"sk":{"a":0,"k":0,"ix":4},"sa":{"a":0,"k":0,"ix":5},"nm":"Transform"}],"nm":"Group 1","np":2,"cix":2,"bm":0,"ix":1,"mn":"ADBE Vector Group","hd":false},{"ty":"gr","it":[{"ind":0,"ty":"sh","ix":1,"ks":{"a":0,"k":{"i":[[0,0],[0,0]],"o":[[0,0],[0,0]],"v":[[0.533,192.112],[0.533,-369.263]],"c":false},"ix":2},"nm":"Path 1","mn":"ADBE Vector Shape - Group","hd":false},{"ty":"st","c":{"a":0,"k":[0.52070993185,0.955621659756,0.97929006815,1],"ix":3},"o":{"a":0,"k":100,"ix":4},"w":{"a":0,"k":30,"ix":5},"lc":2,"lj":1,"ml":4,"bm":0,"nm":"Stroke 1","mn":"ADBE Vector Graphic - Stroke","hd":false},{"ty":"tm","s":{"a":0,"k":0,"ix":1},"e":{"a":1,"k":[{"i":{"x":[0.6],"y":[1]},"o":{"x":[0.32],"y":[0.94]},"t":75,"s":[0]},{"t":105,"s":[66]}],"ix":2},"o":{"a":0,"k":0,"ix":3},"m":1,"ix":3,"nm":"Bar Animation","mn":"ADBE Vector Filter - Trim","hd":false},{"ty":"tr","p":{"a":0,"k":[0,0],"ix":2},"a":{"a":0,"k":[0,0],"ix":1},"s":{"a":0,"k":[100,100],"ix":3},"r":{"a":0,"k":0,"ix":6},"o":{"a":0,"k":100,"ix":7},"sk":{"a":0,"k":0,"ix":4},"sa":{"a":0,"k":0,"ix":5},"nm":"Transform"}],"nm":"Bar Shape","np":3,"cix":2,"bm":0,"ix":2,"mn":"ADBE Vector Group","hd":false}],"ip":75,"op":151,"st":75,"bm":0},{"ddd":0,"ind":21,"ty":4,"nm":"Line - 01","sr":1,"ks":{"o":{"a":1,"k":[{"i":{"x":[0.6],"y":[1]},"o":{"x":[0.32],"y":[0.783]},"t":0,"s":[0]},{"t":25,"s":[100]}],"ix":11},"r":{"a":0,"k":0,"ix":10},"p":{"a":1,"k":[{"i":{"x":0.6,"y":1},"o":{"x":0.32,"y":0.783},"t":0,"s":[262.747,778.033,0],"to":[0,0,0],"ti":[0,0,0]},{"t":25,"s":[262.747,898.033,0]}],"ix":2},"a":{"a":0,"k":[-742.035,0,0],"ix":1},"s":{"a":0,"k":[100,100,100],"ix":6}},"ao":0,"shapes":[{"ty":"gr","it":[{"ind":0,"ty":"sh","ix":1,"ks":{"a":0,"k":{"i":[[0,0],[0,0]],"o":[[0,0],[0,0]],"v":[[-742.035,0],[742.035,0]],"c":false},"ix":2},"nm":"Path 1","mn":"ADBE Vector Shape - Group","hd":false},{"ty":"st","c":{"a":0,"k":[0.360784322023,0.423529416323,0.647058844566,1],"ix":3},"o":{"a":0,"k":100,"ix":4},"w":{"a":0,"k":2.921,"ix":5},"lc":1,"lj":1,"ml":4,"bm":0,"nm":"Stroke 1","mn":"ADBE Vector Graphic - Stroke","hd":false},{"ty":"tr","p":{"a":0,"k":[0,0],"ix":2},"a":{"a":0,"k":[0,0],"ix":1},"s":{"a":0,"k":[100,100],"ix":3},"r":{"a":0,"k":0,"ix":6},"o":{"a":0,"k":100,"ix":7},"sk":{"a":0,"k":0,"ix":4},"sa":{"a":0,"k":0,"ix":5},"nm":"Transform"}],"nm":"Line 50","np":2,"cix":2,"bm":0,"ix":1,"mn":"ADBE Vector Group","hd":false}],"ip":0,"op":151,"st":0,"bm":0},{"ddd":0,"ind":22,"ty":4,"nm":"Line - 02","sr":1,"ks":{"o":{"a":1,"k":[{"i":{"x":[0.6],"y":[1]},"o":{"x":[0.32],"y":[0.783]},"t":5,"s":[0]},{"t":30,"s":[100]}],"ix":11},"r":{"a":0,"k":0,"ix":10},"p":{"a":1,"k":[{"i":{"x":0.6,"y":1},"o":{"x":0.32,"y":0.783},"t":5,"s":[262.747,637.806,0],"to":[0,0,0],"ti":[0,0,0]},{"t":30,"s":[262.747,757.806,0]}],"ix":2},"a":{"a":0,"k":[-742.035,0,0],"ix":1},"s":{"a":0,"k":[100,100,100],"ix":6}},"ao":0,"shapes":[{"ty":"gr","it":[{"ind":0,"ty":"sh","ix":1,"ks":{"a":0,"k":{"i":[[0,0],[0,0]],"o":[[0,0],[0,0]],"v":[[-742.035,0],[742.035,0]],"c":false},"ix":2},"nm":"Path 1","mn":"ADBE Vector Shape - Group","hd":false},{"ty":"st","c":{"a":0,"k":[0.360784322023,0.423529416323,0.647058844566,1],"ix":3},"o":{"a":0,"k":100,"ix":4},"w":{"a":0,"k":2.921,"ix":5},"lc":1,"lj":1,"ml":4,"bm":0,"nm":"Stroke 1","mn":"ADBE Vector Graphic - Stroke","hd":false},{"ty":"tr","p":{"a":0,"k":[0,0],"ix":2},"a":{"a":0,"k":[0,0],"ix":1},"s":{"a":0,"k":[100,100],"ix":3},"r":{"a":0,"k":0,"ix":6},"o":{"a":0,"k":100,"ix":7},"sk":{"a":0,"k":0,"ix":4},"sa":{"a":0,"k":0,"ix":5},"nm":"Transform"}],"nm":"Line 49","np":2,"cix":2,"bm":0,"ix":1,"mn":"ADBE Vector Group","hd":false}],"ip":5,"op":151,"st":5,"bm":0},{"ddd":0,"ind":23,"ty":4,"nm":"Line - 03","sr":1,"ks":{"o":{"a":1,"k":[{"i":{"x":[0.6],"y":[1]},"o":{"x":[0.32],"y":[0.783]},"t":10,"s":[0]},{"t":35,"s":[100]}],"ix":11},"r":{"a":0,"k":0,"ix":10},"p":{"a":1,"k":[{"i":{"x":0.6,"y":1},"o":{"x":0.32,"y":0.783},"t":10,"s":[262.747,497.579,0],"to":[0,0,0],"ti":[0,0,0]},{"t":35,"s":[262.747,617.579,0]}],"ix":2},"a":{"a":0,"k":[-742.035,0,0],"ix":1},"s":{"a":0,"k":[100,100,100],"ix":6}},"ao":0,"shapes":[{"ty":"gr","it":[{"ind":0,"ty":"sh","ix":1,"ks":{"a":0,"k":{"i":[[0,0],[0,0]],"o":[[0,0],[0,0]],"v":[[-742.035,0],[742.035,0]],"c":false},"ix":2},"nm":"Path 1","mn":"ADBE Vector Shape - Group","hd":false},{"ty":"st","c":{"a":0,"k":[0.360784322023,0.423529416323,0.647058844566,1],"ix":3},"o":{"a":0,"k":100,"ix":4},"w":{"a":0,"k":2.921,"ix":5},"lc":1,"lj":1,"ml":4,"bm":0,"nm":"Stroke 1","mn":"ADBE Vector Graphic - Stroke","hd":false},{"ty":"tr","p":{"a":0,"k":[0,0],"ix":2},"a":{"a":0,"k":[0,0],"ix":1},"s":{"a":0,"k":[100,100],"ix":3},"r":{"a":0,"k":0,"ix":6},"o":{"a":0,"k":100,"ix":7},"sk":{"a":0,"k":0,"ix":4},"sa":{"a":0,"k":0,"ix":5},"nm":"Transform"}],"nm":"Line 48","np":2,"cix":2,"bm":0,"ix":1,"mn":"ADBE Vector Group","hd":false}],"ip":10,"op":151,"st":10,"bm":0},{"ddd":0,"ind":24,"ty":4,"nm":"Line - 04","sr":1,"ks":{"o":{"a":1,"k":[{"i":{"x":[0.6],"y":[1]},"o":{"x":[0.32],"y":[0.783]},"t":15,"s":[0]},{"t":40,"s":[100]}],"ix":11},"r":{"a":0,"k":0,"ix":10},"p":{"a":1,"k":[{"i":{"x":0.6,"y":1},"o":{"x":0.32,"y":0.783},"t":15,"s":[262.747,357.352,0],"to":[0,0,0],"ti":[0,0,0]},{"t":40,"s":[262.747,477.352,0]}],"ix":2},"a":{"a":0,"k":[-742.035,0,0],"ix":1},"s":{"a":0,"k":[100,100,100],"ix":6}},"ao":0,"shapes":[{"ty":"gr","it":[{"ind":0,"ty":"sh","ix":1,"ks":{"a":0,"k":{"i":[[0,0],[0,0]],"o":[[0,0],[0,0]],"v":[[-742.035,0],[742.035,0]],"c":false},"ix":2},"nm":"Path 1","mn":"ADBE Vector Shape - Group","hd":false},{"ty":"st","c":{"a":0,"k":[0.360784322023,0.423529416323,0.647058844566,1],"ix":3},"o":{"a":0,"k":100,"ix":4},"w":{"a":0,"k":2.921,"ix":5},"lc":1,"lj":1,"ml":4,"bm":0,"nm":"Stroke 1","mn":"ADBE Vector Graphic - Stroke","hd":false},{"ty":"tr","p":{"a":0,"k":[0,0],"ix":2},"a":{"a":0,"k":[0,0],"ix":1},"s":{"a":0,"k":[100,100],"ix":3},"r":{"a":0,"k":0,"ix":6},"o":{"a":0,"k":100,"ix":7},"sk":{"a":0,"k":0,"ix":4},"sa":{"a":0,"k":0,"ix":5},"nm":"Transform"}],"nm":"Line 47","np":2,"cix":2,"bm":0,"ix":1,"mn":"ADBE Vector Group","hd":false}],"ip":15,"op":151,"st":15,"bm":0},{"ddd":0,"ind":25,"ty":4,"nm":"Line - 05","sr":1,"ks":{"o":{"a":1,"k":[{"i":{"x":[0.6],"y":[1]},"o":{"x":[0.32],"y":[0.783]},"t":20,"s":[0]},{"t":45,"s":[100]}],"ix":11},"r":{"a":0,"k":0,"ix":10},"p":{"a":1,"k":[{"i":{"x":0.6,"y":1},"o":{"x":0.32,"y":0.783},"t":20,"s":[262.747,217.125,0],"to":[0,0,0],"ti":[0,0,0]},{"t":45,"s":[262.747,337.125,0]}],"ix":2},"a":{"a":0,"k":[-742.035,0,0],"ix":1},"s":{"a":0,"k":[100,100,100],"ix":6}},"ao":0,"shapes":[{"ty":"gr","it":[{"ind":0,"ty":"sh","ix":1,"ks":{"a":0,"k":{"i":[[0,0],[0,0]],"o":[[0,0],[0,0]],"v":[[-742.035,0],[742.035,0]],"c":false},"ix":2},"nm":"Path 1","mn":"ADBE Vector Shape - Group","hd":false},{"ty":"st","c":{"a":0,"k":[0.360784322023,0.423529416323,0.647058844566,1],"ix":3},"o":{"a":0,"k":100,"ix":4},"w":{"a":0,"k":2.921,"ix":5},"lc":1,"lj":1,"ml":4,"bm":0,"nm":"Stroke 1","mn":"ADBE Vector Graphic - Stroke","hd":false},{"ty":"tr","p":{"a":0,"k":[0,0],"ix":2},"a":{"a":0,"k":[0,0],"ix":1},"s":{"a":0,"k":[100,100],"ix":3},"r":{"a":0,"k":0,"ix":6},"o":{"a":0,"k":100,"ix":7},"sk":{"a":0,"k":0,"ix":4},"sa":{"a":0,"k":0,"ix":5},"nm":"Transform"}],"nm":"Line 46","np":2,"cix":2,"bm":0,"ix":1,"mn":"ADBE Vector Group","hd":false}],"ip":20,"op":151,"st":20,"bm":0},{"ddd":0,"ind":26,"ty":5,"nm":"0","parent":21,"sr":1,"ks":{"o":{"a":1,"k":[{"i":{"x":[0.6],"y":[1]},"o":{"x":[0.32],"y":[0.783]},"t":0,"s":[0]},{"t":25,"s":[100]}],"ix":11},"r":{"a":0,"k":0,"ix":10},"p":{"a":0,"k":[-780,-0.21,0],"ix":2},"a":{"a":0,"k":[-0.949,0.304,0],"ix":1},"s":{"a":0,"k":[100,100,100],"ix":6}},"ao":0,"t":{"d":{"k":[{"s":{"s":37.9781684875488,"f":"Lato-Medium","t":"0","j":1,"tr":0,"lh":45.5738021850586,"ls":0,"fc":[0.373,0.427,0.631]},"t":0}]},"p":{},"m":{"g":1,"a":{"a":0,"k":[0,0],"ix":2}},"a":[]},"ip":0,"op":151,"st":0,"bm":0},{"ddd":0,"ind":27,"ty":5,"nm":"25","parent":22,"sr":1,"ks":{"o":{"a":1,"k":[{"i":{"x":[0.6],"y":[1]},"o":{"x":[0.32],"y":[0.783]},"t":5,"s":[0]},{"t":30,"s":[100]}],"ix":11},"r":{"a":0,"k":0,"ix":10},"p":{"a":0,"k":[-780,-0.157,0],"ix":2},"a":{"a":0,"k":[-0.949,0.304,0],"ix":1},"s":{"a":0,"k":[100,100,100],"ix":6}},"ao":0,"t":{"d":{"k":[{"s":{"s":37.9781684875488,"f":"Lato-Medium","t":"25","j":1,"tr":0,"lh":45.5738021850586,"ls":0,"fc":[0.373,0.427,0.631]},"t":0}]},"p":{},"m":{"g":1,"a":{"a":0,"k":[0,0],"ix":2}},"a":[]},"ip":5,"op":151,"st":5,"bm":0},{"ddd":0,"ind":28,"ty":5,"nm":"80","parent":23,"sr":1,"ks":{"o":{"a":1,"k":[{"i":{"x":[0.6],"y":[1]},"o":{"x":[0.32],"y":[0.783]},"t":10,"s":[0]},{"t":35,"s":[100]}],"ix":11},"r":{"a":0,"k":0,"ix":10},"p":{"a":0,"k":[-780,-0.157,0],"ix":2},"a":{"a":0,"k":[-0.949,0.304,0],"ix":1},"s":{"a":0,"k":[100,100,100],"ix":6}},"ao":0,"t":{"d":{"k":[{"s":{"s":37.9781684875488,"f":"Lato-Medium","t":"50","j":1,"tr":0,"lh":45.5738021850586,"ls":0,"fc":[0.373,0.427,0.631]},"t":0}]},"p":{},"m":{"g":1,"a":{"a":0,"k":[0,0],"ix":2}},"a":[]},"ip":10,"op":151,"st":10,"bm":0},{"ddd":0,"ind":29,"ty":5,"nm":"120","parent":24,"sr":1,"ks":{"o":{"a":1,"k":[{"i":{"x":[0.6],"y":[1]},"o":{"x":[0.32],"y":[0.783]},"t":15,"s":[0]},{"t":40,"s":[100]}],"ix":11},"r":{"a":0,"k":0,"ix":10},"p":{"a":0,"k":[-780,-0.157,0],"ix":2},"a":{"a":0,"k":[-0.949,0.304,0],"ix":1},"s":{"a":0,"k":[100,100,100],"ix":6}},"ao":0,"t":{"d":{"k":[{"s":{"s":37.9781684875488,"f":"Lato-Medium","t":"75","j":1,"tr":0,"lh":45.5738021850586,"ls":0,"fc":[0.373,0.427,0.631]},"t":0}]},"p":{},"m":{"g":1,"a":{"a":0,"k":[0,0],"ix":2}},"a":[]},"ip":15,"op":151,"st":15,"bm":0},{"ddd":0,"ind":30,"ty":5,"nm":"160","parent":25,"sr":1,"ks":{"o":{"a":1,"k":[{"i":{"x":[0.6],"y":[1]},"o":{"x":[0.32],"y":[0.783]},"t":20,"s":[0]},{"t":45,"s":[100]}],"ix":11},"r":{"a":0,"k":0,"ix":10},"p":{"a":0,"k":[-780,-0.157,0],"ix":2},"a":{"a":0,"k":[-0.949,0.304,0],"ix":1},"s":{"a":0,"k":[100,100,100],"ix":6}},"ao":0,"t":{"d":{"k":[{"s":{"s":37.9781684875488,"f":"Lato-Medium","t":"100","j":1,"tr":0,"lh":45.5738021850586,"ls":0,"fc":[0.373,0.427,0.631]},"t":0}]},"p":{},"m":{"g":1,"a":{"a":0,"k":[0,0],"ix":2}},"a":[]},"ip":20,"op":151,"st":20,"bm":0},{"ddd":0,"ind":31,"ty":5,"nm":"Conversions","sr":1,"ks":{"o":{"a":1,"k":[{"i":{"x":[0.6],"y":[1]},"o":{"x":[0.32],"y":[1.692]},"t":0,"s":[0]},{"t":45,"s":[100]}],"ix":11},"r":{"a":0,"k":0,"ix":10},"p":{"a":1,"k":[{"i":{"x":0.6,"y":1},"o":{"x":0.189,"y":1},"t":0,"s":[144.292,171.14,0],"to":[0,0,0],"ti":[0,0,0]},{"t":45,"s":[264.292,171.14,0]}],"ix":2},"a":{"a":0,"k":[2.012,-1.217,0],"ix":1},"s":{"a":0,"k":[100,100,100],"ix":6}},"ao":0,"t":{"d":{"k":[{"s":{"s":55.5065612792969,"f":"Lato-Black","t":"Bar Charts","j":0,"tr":0,"lh":66.6078735351562,"ls":0,"fc":[1,1,1]},"t":0}]},"p":{},"m":{"g":1,"a":{"a":0,"k":[0,0],"ix":2}},"a":[]},"ip":0,"op":151,"st":0,"bm":0},{"ddd":0,"ind":32,"ty":4,"nm":"Arrow","parent":33,"sr":1,"ks":{"o":{"a":1,"k":[{"i":{"x":[0.6],"y":[1]},"o":{"x":[0.32],"y":[1.692]},"t":0,"s":[0]},{"t":45,"s":[100]}],"ix":11},"r":{"a":0,"k":0,"ix":10},"p":{"a":0,"k":[38.928,-15.948,0],"ix":2},"a":{"a":0,"k":[0,0,0],"ix":1},"s":{"a":0,"k":[100,100,100],"ix":6}},"ao":0,"shapes":[{"ty":"gr","it":[{"ind":0,"ty":"sh","ix":1,"ks":{"a":0,"k":{"i":[[0,0],[0,0],[0,0]],"o":[[0,0],[0,0],[0,0]],"v":[[-20.45,-10.225],[0,10.225],[20.45,-10.225]],"c":false},"ix":2},"nm":"Path 1","mn":"ADBE Vector Shape - Group","hd":false},{"ty":"st","c":{"a":0,"k":[0.541176497936,0.572549045086,0.65098041296,1],"ix":3},"o":{"a":0,"k":100,"ix":4},"w":{"a":0,"k":2.921,"ix":5},"lc":2,"lj":2,"bm":0,"nm":"Stroke 1","mn":"ADBE Vector Graphic - Stroke","hd":false},{"ty":"tr","p":{"a":0,"k":[0,0],"ix":2},"a":{"a":0,"k":[0,0],"ix":1},"s":{"a":0,"k":[100,100],"ix":3},"r":{"a":0,"k":0,"ix":6},"o":{"a":0,"k":100,"ix":7},"sk":{"a":0,"k":0,"ix":4},"sa":{"a":0,"k":0,"ix":5},"nm":"Transform"}],"nm":"Stroke 1","np":2,"cix":2,"bm":0,"ix":1,"mn":"ADBE Vector Group","hd":false}],"ip":0,"op":151,"st":0,"bm":0},{"ddd":0,"ind":33,"ty":5,"nm":"This Week","sr":1,"ks":{"o":{"a":1,"k":[{"i":{"x":[0.6],"y":[1]},"o":{"x":[0.32],"y":[1.41]},"t":0,"s":[0]},{"t":45,"s":[100]}],"ix":11},"r":{"a":0,"k":0,"ix":10},"p":{"a":1,"k":[{"i":{"x":0.6,"y":1},"o":{"x":0.189,"y":1},"t":0,"s":[1769.839,165.11,0],"to":[0,0,0],"ti":[0,0,0]},{"t":45,"s":[1649.839,165.11,0]}],"ix":2},"a":{"a":0,"k":[0.626,-0.838,0],"ix":1},"s":{"a":0,"k":[100,100,100],"ix":6}},"ao":0,"t":{"d":{"k":[{"s":{"s":46.742359161377,"f":"Lato-Medium","t":"This Week","j":1,"tr":0,"lh":56.0908309936523,"ls":0,"fc":[0.361,0.424,0.647]},"t":0}]},"p":{},"m":{"g":1,"a":{"a":0,"k":[0,0],"ix":2}},"a":[]},"ip":0,"op":151,"st":0,"bm":0},{"ddd":0,"ind":34,"ty":4,"nm":"Background Shape","sr":1,"ks":{"o":{"a":0,"k":100,"ix":11},"r":{"a":0,"k":0,"ix":10},"p":{"a":0,"k":[959.5,539.533,0],"ix":2},"a":{"a":0,"k":[0,0,0],"ix":1},"s":{"a":0,"k":[100,100,100],"ix":6}},"ao":0,"shapes":[{"ty":"gr","it":[{"ty":"rc","d":1,"s":{"a":0,"k":[1714.86,1001.97],"ix":2},"p":{"a":0,"k":[0,0],"ix":3},"r":{"a":0,"k":25,"ix":4},"nm":"Rectangle Path 1","mn":"ADBE Vector Shape - Rect","hd":false},{"ty":"fl","c":{"a":0,"k":[0.133333340287,0.152941182256,0.219607844949,1],"ix":4},"o":{"a":0,"k":100,"ix":5},"r":1,"bm":0,"nm":"Fill 1","mn":"ADBE Vector Graphic - Fill","hd":false},{"ty":"tr","p":{"a":0,"k":[0,0],"ix":2},"a":{"a":0,"k":[0,0],"ix":1},"s":{"a":0,"k":[100,100],"ix":3},"r":{"a":0,"k":0,"ix":6},"o":{"a":0,"k":100,"ix":7},"sk":{"a":0,"k":0,"ix":4},"sa":{"a":0,"k":0,"ix":5},"nm":"Transform"}],"nm":"Frame 1285","np":2,"cix":2,"bm":0,"ix":1,"mn":"ADBE Vector Group","hd":false}],"ip":0,"op":151,"st":0,"bm":0},{"ddd":0,"ind":35,"ty":4,"nm":"Background Shape","sr":1,"ks":{"o":{"a":0,"k":100,"ix":11},"r":{"a":0,"k":0,"ix":10},"p":{"a":0,"k":[960,540,0],"ix":2},"a":{"a":0,"k":[0,0,0],"ix":1},"s":{"a":0,"k":[100,100,100],"ix":6}},"ao":0,"shapes":[{"ty":"gr","it":[{"ty":"rc","d":1,"s":{"a":0,"k":[1920,1080],"ix":2},"p":{"a":0,"k":[0,0],"ix":3},"r":{"a":0,"k":0,"ix":4},"nm":"Rectangle Path","mn":"ADBE Vector Shape - Rect","hd":false},{"ty":"fl","c":{"a":0,"k":[0.086274512112,0.09411765635,0.133333340287,1],"ix":4},"o":{"a":0,"k":100,"ix":5},"r":1,"bm":0,"nm":"Fill","mn":"ADBE Vector Graphic - Fill","hd":false},{"ty":"tr","p":{"a":0,"k":[0,0],"ix":2},"a":{"a":0,"k":[0,0],"ix":1},"s":{"a":0,"k":[100,100],"ix":3},"r":{"a":0,"k":0,"ix":6},"o":{"a":0,"k":100,"ix":7},"sk":{"a":0,"k":0,"ix":4},"sa":{"a":0,"k":0,"ix":5},"nm":"Transform"}],"nm":"Group","np":3,"cix":2,"bm":0,"ix":1,"mn":"ADBE Vector Group","hd":false}],"ip":0,"op":151,"st":0,"bm":0}],"markers":[],"chars":[{"ch":"T","size":46.742359161377,"style":"Medium","w":59.3,"data":{"shapes":[{"ty":"gr","it":[{"ind":0,"ty":"sh","ix":1,"ks":{"a":0,"k":{"i":[[0,0],[0,0],[0,0],[0,0],[0,0],[0,0],[0,0],[0,0]],"o":[[0,0],[0,0],[0,0],[0,0],[0,0],[0,0],[0,0],[0,0]],"v":[[57.8,-71.8],[1.5,-71.8],[1.5,-62.9],[24.4,-62.9],[24.4,0],[35,0],[35,-62.9],[57.8,-62.9]],"c":true},"ix":2},"nm":"T","mn":"ADBE Vector Shape - Group","hd":false}],"nm":"T","np":3,"cix":2,"bm":0,"ix":1,"mn":"ADBE Vector Group","hd":false}]},"fFamily":"Lato"},{"ch":"h","size":46.742359161377,"style":"Medium","w":55.95,"data":{"shapes":[{"ty":"gr","it":[{"ind":0,"ty":"sh","ix":1,"ks":{"a":0,"k":{"i":[[0,0],[0,0],[0,0],[0,0],[0,0],[-2.184,1.184],[-2.5,0],[-1.667,-2.016],[0,-3.633],[0,0],[0,0],[0,0],[0.733,2.367],[1.433,1.684],[2.116,0.934],[2.8,0],[2.583,-1.333],[2.133,-2.166]],"o":[[0,0],[0,0],[0,0],[0,0],[1.866,-2.033],[2.183,-1.183],[3.433,0],[1.666,2.017],[0,0],[0,0],[0,0],[0,-2.866],[-0.734,-2.366],[-1.434,-1.683],[-2.117,-0.933],[-3.367,0],[-2.584,1.334],[0,0]],"v":[[16.6,-73.8],[6.85,-73.8],[6.85,0],[16.6,0],[16.6,-37.25],[22.675,-42.075],[29.7,-43.85],[37.35,-40.825],[39.85,-32.35],[39.85,0],[49.65,0],[49.65,-32.35],[48.55,-40.2],[45.3,-46.275],[39.975,-50.2],[32.6,-51.6],[23.675,-49.6],[16.6,-44.35]],"c":true},"ix":2},"nm":"h","mn":"ADBE Vector Shape - Group","hd":false}],"nm":"h","np":3,"cix":2,"bm":0,"ix":1,"mn":"ADBE Vector Group","hd":false}]},"fFamily":"Lato"},{"ch":"i","size":46.742359161377,"style":"Medium","w":24.35,"data":{"shapes":[{"ty":"gr","it":[{"ind":0,"ty":"sh","ix":1,"ks":{"a":0,"k":{"i":[[0,0],[0,0],[0,0],[0,0]],"o":[[0,0],[0,0],[0,0],[0,0]],"v":[[7.3,-50.8],[7.3,0],[17.05,0],[17.05,-50.8]],"c":true},"ix":2},"nm":"i","mn":"ADBE Vector Shape - Group","hd":false},{"ind":1,"ty":"sh","ix":2,"ks":{"a":0,"k":{"i":[[0.366,0.817],[0.616,0.617],[0.833,0.35],[0.9,0],[0.8,-0.35],[0.616,-0.616],[0.35,-0.816],[0,-0.933],[-0.35,-0.816],[-0.617,-0.616],[-0.8,-0.35],[-0.9,0],[-0.834,0.35],[-0.617,0.617],[-0.367,0.817],[0,0.9]],"o":[[-0.367,-0.816],[-0.617,-0.616],[-0.834,-0.35],[-0.9,0],[-0.8,0.35],[-0.617,0.617],[-0.35,0.817],[0,0.9],[0.35,0.817],[0.616,0.617],[0.8,0.35],[0.9,0],[0.833,-0.35],[0.616,-0.616],[0.366,-0.816],[0,-0.933]],"v":[[18.35,-69.125],[16.875,-71.275],[14.7,-72.725],[12.1,-73.25],[9.55,-72.725],[7.425,-71.275],[5.975,-69.125],[5.45,-66.5],[5.975,-63.925],[7.425,-61.775],[9.55,-60.325],[12.1,-59.8],[14.7,-60.325],[16.875,-61.775],[18.35,-63.925],[18.9,-66.5]],"c":true},"ix":2},"nm":"i","mn":"ADBE Vector Shape - Group","hd":false}],"nm":"i","np":5,"cix":2,"bm":0,"ix":1,"mn":"ADBE Vector Group","hd":false}]},"fFamily":"Lato"},{"ch":"s","size":46.742359161377,"style":"Medium","w":43.45,"data":{"shapes":[{"ty":"gr","it":[{"ind":0,"ty":"sh","ix":1,"ks":{"a":0,"k":{"i":[[0,0],[2.716,1.067],[3.366,0],[2.283,-0.816],[1.55,-1.366],[0.816,-1.8],[0,-1.966],[-0.75,-1.533],[-1.217,-1.066],[-1.567,-0.7],[-1.634,-0.533],[-1.567,-0.466],[-1.217,-0.633],[-0.75,-0.883],[0,-1.333],[0.4,-0.933],[0.816,-0.716],[1.233,-0.416],[1.666,0],[1.333,0.45],[0.933,0.55],[0.666,0.467],[0.633,0],[0.4,-0.25],[0.266,-0.466],[0,0],[-2.967,-1.166],[-3.5,0],[-2.434,0.833],[-1.65,1.467],[-0.85,2.017],[0,2.367],[0.75,1.434],[1.216,1.017],[1.55,0.684],[1.616,0.534],[1.55,0.484],[1.216,0.6],[0.75,0.834],[0,1.267],[-0.434,0.85],[-0.8,0.617],[-1.15,0.35],[-1.4,0],[-1.234,-0.366],[-0.917,-0.433],[-0.65,-0.366],[-0.534,0],[-0.3,0.184],[-0.267,0.434]],"o":[[-1.934,-1.866],[-2.717,-1.066],[-2.934,0],[-2.284,0.817],[-1.55,1.367],[-0.817,1.8],[0,2.2],[0.75,1.534],[1.216,1.067],[1.566,0.7],[1.633,0.534],[1.566,0.467],[1.216,0.634],[0.75,0.884],[0,1.034],[-0.4,0.934],[-0.817,0.717],[-1.234,0.417],[-2,0],[-1.334,-0.45],[-0.934,-0.55],[-0.667,-0.466],[-0.667,0],[-0.4,0.25],[0,0],[2,1.8],[2.966,1.166],[3.133,0],[2.433,-0.833],[1.65,-1.466],[0.85,-2.016],[0,-2.066],[-0.75,-1.433],[-1.217,-1.016],[-1.55,-0.683],[-1.617,-0.533],[-1.55,-0.483],[-1.217,-0.6],[-0.75,-0.833],[0,-0.966],[0.433,-0.85],[0.8,-0.616],[1.15,-0.35],[1.7,0],[1.233,0.367],[0.916,0.434],[0.65,0.367],[0.466,0],[0.3,-0.183],[0,0]],"v":[[38.95,-45.6],[31.975,-50],[22.85,-51.6],[15.025,-50.375],[9.275,-47.1],[5.725,-42.35],[4.5,-36.7],[5.625,-31.1],[8.575,-27.2],[12.75,-24.55],[17.55,-22.7],[22.35,-21.2],[26.525,-19.55],[29.475,-17.275],[30.6,-13.95],[30,-11],[28.175,-8.525],[25.1,-6.825],[20.75,-6.2],[15.75,-6.875],[12.35,-8.375],[9.95,-9.9],[8,-10.6],[6.4,-10.225],[5.4,-9.15],[3.1,-5.4],[10.55,-0.95],[20.25,0.8],[28.6,-0.45],[34.725,-3.9],[38.475,-9.125],[39.75,-15.7],[38.625,-20.95],[35.675,-24.625],[31.525,-27.175],[26.775,-29],[22.025,-30.525],[17.875,-32.15],[14.925,-34.3],[13.8,-37.45],[14.45,-40.175],[16.3,-42.375],[19.225,-43.825],[23.05,-44.35],[27.45,-43.8],[30.675,-42.6],[33.025,-41.4],[34.8,-40.85],[35.95,-41.125],[36.8,-42.05]],"c":true},"ix":2},"nm":"s","mn":"ADBE Vector Shape - Group","hd":false}],"nm":"s","np":3,"cix":2,"bm":0,"ix":1,"mn":"ADBE Vector Group","hd":false}]},"fFamily":"Lato"},{"ch":" ","size":46.742359161377,"style":"Medium","w":25.25,"data":{},"fFamily":"Lato"},{"ch":"W","size":46.742359161377,"style":"Medium","w":103.95,"data":{"shapes":[{"ty":"gr","it":[{"ind":0,"ty":"sh","ix":1,"ks":{"a":0,"k":{"i":[[0,0],[0.666,-0.5],[0.166,-0.666],[0,0],[0.4,-2.3],[0.6,1.834],[0,0],[0.6,0.467],[0.933,0],[0,0],[0.65,-0.5],[0.2,-0.666],[0,0],[0.25,-1.1],[0.233,-1.2],[0.216,1.1],[0.266,0.934],[0,0],[0.633,0.45],[0.933,0],[0,0],[0,0],[0,0],[0,0],[-0.367,1.534],[-0.4,-1.066],[0,0],[0,0],[0,0]],"o":[[-0.9,0],[-0.667,0.5],[0,0],[-0.467,1.867],[-0.467,-2.333],[0,0],[-0.267,-0.733],[-0.6,-0.466],[0,0],[-0.9,0],[-0.65,0.5],[0,0],[-0.334,0.934],[-0.25,1.1],[-0.234,-1.2],[-0.217,-1.1],[0,0],[-0.2,-0.766],[-0.634,-0.45],[0,0],[0,0],[0,0],[0,0],[0.333,-1.033],[0.3,1.5],[0,0],[0,0],[0,0],[0,0]],"v":[[94.3,-71.8],[91.95,-71.05],[90.7,-69.3],[76.5,-21.25],[75.2,-15],[73.6,-21.25],[57.45,-69.3],[56.15,-71.1],[53.85,-71.8],[50.8,-71.8],[48.475,-71.05],[47.2,-69.3],[31,-21.25],[30.125,-18.2],[29.4,-14.75],[28.725,-18.2],[28,-21.25],[13.85,-69.3],[12.6,-71.125],[10.25,-71.8],[1.35,-71.8],[23.75,0],[33.3,0],[51,-53.25],[52.05,-57.1],[53.1,-53.25],[70.6,0],[80.2,0],[102.6,-71.8]],"c":true},"ix":2},"nm":"W","mn":"ADBE Vector Shape - Group","hd":false}],"nm":"W","np":3,"cix":2,"bm":0,"ix":1,"mn":"ADBE Vector Group","hd":false}]},"fFamily":"Lato"},{"ch":"e","size":46.742359161377,"style":"Medium","w":52.95,"data":{"shapes":[{"ty":"gr","it":[{"ind":0,"ty":"sh","ix":1,"ks":{"a":0,"k":{"i":[[0,0],[-2.35,2.367],[-4.1,0],[-1.534,-0.666],[-1.067,-1.2],[-0.55,-1.633],[0,-1.933]],"o":[[0.633,-4.2],[2.35,-2.366],[2,0],[1.533,0.667],[1.066,1.2],[0.55,1.634],[0,0]],"v":[[13.9,-31.05],[18.375,-40.9],[28.05,-44.45],[33.35,-43.45],[37.25,-40.65],[39.675,-36.4],[40.5,-31.05]],"c":true},"ix":2},"nm":"e","mn":"ADBE Vector Shape - Group","hd":false},{"ind":1,"ty":"sh","ix":2,"ks":{"a":0,"k":{"i":[[0,0],[0.8,0],[0.783,-0.5],[1.15,-0.583],[1.583,-0.5],[2.166,0],[1.866,0.734],[1.35,1.5],[0.766,2.25],[0.1,3.034],[0,0],[-0.334,0.517],[0,1.5],[1.083,2.834],[1.9,1.934],[2.616,1.017],[3.1,0],[2.966,-1.3],[2.05,-2.266],[1.1,-3.05],[0,-3.533],[-1.217,-3.383],[-2.184,-2.283],[-2.984,-1.183],[-3.5,0],[-1.884,0.3],[-1.767,0.634],[-1.567,1.017],[-1.2,1.4]],"o":[[-0.434,-0.6],[-0.6,0],[-0.784,0.5],[-1.15,0.584],[-1.584,0.5],[-2.3,0],[-1.867,-0.733],[-1.35,-1.5],[-0.767,-2.25],[0,0],[0.9,0],[0.333,-0.516],[0,-3.633],[-1.084,-2.833],[-1.9,-1.933],[-2.617,-1.016],[-3.7,0],[-2.967,1.3],[-2.05,2.267],[-1.1,3.05],[0,4.4],[1.216,3.384],[2.183,2.284],[2.983,1.183],[1.833,0],[1.883,-0.3],[1.766,-0.633],[1.566,-1.016],[0,0]],"v":[[45.75,-10.85],[43.9,-11.75],[41.825,-11],[38.925,-9.375],[34.825,-7.75],[29.2,-7],[22.95,-8.1],[18.125,-11.45],[14.95,-17.075],[13.65,-25],[46.95,-25],[48.8,-25.775],[49.3,-28.8],[47.675,-38.5],[43.2,-45.65],[36.425,-50.075],[27.85,-51.6],[17.85,-49.65],[10.325,-44.3],[5.6,-36.325],[3.95,-26.45],[5.775,-14.775],[10.875,-6.275],[18.625,-1.075],[28.35,0.7],[33.925,0.25],[39.4,-1.15],[44.4,-3.625],[48.55,-7.25]],"c":true},"ix":2},"nm":"e","mn":"ADBE Vector Shape - Group","hd":false}],"nm":"e","np":5,"cix":2,"bm":0,"ix":1,"mn":"ADBE Vector Group","hd":false}]},"fFamily":"Lato"},{"ch":"k","size":46.742359161377,"style":"Medium","w":51.45,"data":{"shapes":[{"ty":"gr","it":[{"ind":0,"ty":"sh","ix":1,"ks":{"a":0,"k":{"i":[[0,0],[0,0],[0,0],[0,0],[0,0],[-0.5,-0.216],[-0.5,-0.766],[0,0],[-0.584,-0.266],[-0.8,0],[0,0],[0,0],[0.483,0.567],[0.633,0.434],[-0.967,1.234],[0,0],[0,0],[0.566,-0.316],[0.466,-0.633],[0,0],[0.466,-0.2],[0.7,0],[0,0],[0,0]],"o":[[0,0],[0,0],[0,0],[0,0],[1,0],[0.5,0.217],[0,0],[0.466,0.7],[0.583,0.267],[0,0],[0,0],[-0.467,-0.666],[-0.484,-0.566],[1.1,-0.666],[0,0],[0,0],[-0.867,0],[-0.567,0.317],[0,0],[-0.5,0.6],[-0.467,0.2],[0,0],[0,0],[0,0]],"v":[[6.85,-73.8],[6.85,0],[16.6,0],[16.6,-24.05],[19.2,-24.05],[21.45,-23.725],[22.95,-22.25],[38.65,-1.85],[40.225,-0.4],[42.3,0],[51.05,0],[31.95,-24.95],[30.525,-26.8],[28.85,-28.3],[31.95,-31.15],[49.9,-50.8],[41,-50.8],[38.85,-50.325],[37.3,-48.9],[22.1,-32.15],[20.65,-30.95],[18.9,-30.65],[16.6,-30.65],[16.6,-73.8]],"c":true},"ix":2},"nm":"k","mn":"ADBE Vector Shape - Group","hd":false}],"nm":"k","np":3,"cix":2,"bm":0,"ix":1,"mn":"ADBE Vector Group","hd":false}]},"fFamily":"Lato"},{"ch":"B","size":55.5065612792969,"style":"Black","w":65.6,"data":{"shapes":[{"ty":"gr","it":[{"ind":0,"ty":"sh","ix":1,"ks":{"a":0,"k":{"i":[[0,0],[-3.4,1.117],[-2.317,1.984],[-1.2,2.667],[0,3.1],[2.3,2.617],[4.8,1.167],[-1.567,1.084],[-1,1.334],[-0.467,1.517],[0,1.634],[1.016,2.434],[2.233,1.7],[3.533,0.934],[5.033,0],[0,0],[0,0]],"o":[[4.366,0],[3.4,-1.116],[2.316,-1.983],[1.2,-2.666],[0,-4.1],[-2.3,-2.616],[2.2,-0.8],[1.566,-1.083],[1,-1.333],[0.466,-1.516],[0,-3],[-1.017,-2.433],[-2.234,-1.7],[-3.534,-0.933],[0,0],[0,0],[0,0]],"v":[[35.1,0],[46.75,-1.675],[55.325,-6.325],[60.6,-13.3],[62.4,-21.95],[58.95,-32.025],[48.3,-37.7],[53.95,-40.525],[57.8,-44.15],[60,-48.425],[60.7,-53.15],[59.175,-61.3],[54.3,-67.5],[45.65,-71.45],[32.8,-72.85],[6,-72.85],[6,0]],"c":true},"ix":2},"nm":"B","mn":"ADBE Vector Shape - Group","hd":false},{"ind":1,"ty":"sh","ix":2,"ks":{"a":0,"k":{"i":[[0,0],[-1.4,-0.4],[-0.85,-0.733],[-0.35,-1.066],[0,-1.333],[0.3,-1.133],[0.8,-0.9],[1.416,-0.566],[2.233,0],[0,0],[0,0]],"o":[[2.133,0],[1.4,0.4],[0.85,0.734],[0.35,1.067],[0,1.167],[-0.3,1.134],[-0.8,0.9],[-1.417,0.567],[0,0],[0,0],[0,0]],"v":[[34.7,-30.9],[40,-30.3],[43.375,-28.6],[45.175,-25.9],[45.7,-22.3],[45.25,-18.85],[43.6,-15.8],[40.275,-13.6],[34.8,-12.75],[22.9,-12.75],[22.9,-30.9]],"c":true},"ix":2},"nm":"B","mn":"ADBE Vector Shape - Group","hd":false},{"ind":2,"ty":"sh","ix":3,"ks":{"a":0,"k":{"i":[[0,0],[0,0],[-1.384,-0.3],[-0.9,-0.7],[-0.434,-1.15],[0,-1.733],[0.55,-1.166],[1.05,-0.666],[1.5,-0.266],[1.866,0],[0,0]],"o":[[0,0],[1.9,0],[1.383,0.3],[0.9,0.7],[0.433,1.15],[0,1.767],[-0.55,1.167],[-1.05,0.667],[-1.5,0.267],[0,0],[0,0]],"v":[[22.9,-60.2],[32.8,-60.2],[37.725,-59.75],[41.15,-58.25],[43.15,-55.475],[43.8,-51.15],[42.975,-46.75],[40.575,-44],[36.75,-42.6],[31.7,-42.2],[22.9,-42.2]],"c":true},"ix":2},"nm":"B","mn":"ADBE Vector Shape - Group","hd":false}],"nm":"B","np":6,"cix":2,"bm":0,"ix":1,"mn":"ADBE Vector Group","hd":false}]},"fFamily":"Lato"},{"ch":"a","size":55.5065612792969,"style":"Black","w":53.9,"data":{"shapes":[{"ty":"gr","it":[{"ind":0,"ty":"sh","ix":1,"ks":{"a":0,"k":{"i":[[0,0],[0,0],[0.933,2.5],[1.75,1.817],[2.516,1.017],[3.133,0],[3.816,-1.35],[3.133,-2.766],[0,0],[-0.75,-0.516],[-1.067,0],[-0.867,0.4],[-0.917,0.5],[-1.167,0.4],[-1.834,0],[-1.25,-1.363],[0,-3.061],[0,0],[3.9,-1.07],[2.3,-1.588],[0.933,-1.939],[0,-1.839],[-0.734,-1.789],[-1.35,-1.204],[-1.934,-0.619],[-2.367,0],[-1.45,0.283],[-1.284,0.584],[-1.2,0.834],[-1.3,1.1],[0,0],[-0.75,-0.4],[-1.467,0]],"o":[[0,0],[0,-2.966],[-0.934,-2.5],[-1.75,-1.816],[-2.517,-1.016],[-4.367,0],[-3.817,1.35],[0,0],[0.433,0.767],[0.75,0.517],[1.2,0],[0.866,-0.4],[0.916,-0.5],[1.166,-0.4],[2.3,0],[1.25,1.363],[0,0],[-5.934,0],[-3.9,1.07],[-2.3,1.589],[-0.934,1.94],[0,2.341],[0.733,1.789],[1.35,1.204],[1.933,0.619],[1.766,0],[1.45,-0.284],[1.283,-0.583],[1.2,-0.833],[0,0],[0.5,1.267],[0.75,0.4],[0,0]],"v":[[48.9,0],[48.9,-32.4],[47.5,-40.6],[43.475,-47.075],[37.075,-51.325],[28.6,-52.85],[16.325,-50.825],[5.9,-44.65],[8.7,-39.8],[10.475,-37.875],[13.2,-37.1],[16.3,-37.7],[18.975,-39.05],[22.1,-40.4],[26.6,-41],[31.925,-38.956],[33.8,-32.32],[33.8,-30.1],[19.05,-28.495],[9.75,-24.507],[4.9,-19.215],[3.5,-13.546],[4.6,-7.352],[7.725,-2.862],[12.65,-0.128],[19.1,0.8],[23.925,0.375],[28.025,-0.925],[31.75,-3.05],[35.5,-5.95],[36.6,-3.1],[38.475,-0.6],[41.8,0]],"c":true},"ix":2},"nm":"a","mn":"ADBE Vector Shape - Group","hd":false},{"ind":1,"ty":"sh","ix":2,"ks":{"a":0,"k":{"i":[[0.966,0.723],[0,1.783],[-0.45,0.773],[-1.167,0.605],[-2,0.403],[-3.1,0],[0,0],[1.5,-0.7],[2,0]],"o":[[-0.967,-0.723],[0,-0.908],[0.45,-0.773],[1.166,-0.605],[2,-0.403],[0,0],[-1.534,1.567],[-1.5,0.7],[-1.867,0]],"v":[[19.75,-10.534],[18.3,-14.292],[18.975,-16.813],[21.4,-18.881],[26.15,-20.395],[33.8,-21],[33.8,-13.9],[29.25,-10.5],[24,-9.45]],"c":true},"ix":2},"nm":"a","mn":"ADBE Vector Shape - Group","hd":false}],"nm":"a","np":5,"cix":2,"bm":0,"ix":1,"mn":"ADBE Vector Group","hd":false}]},"fFamily":"Lato"},{"ch":"r","size":55.5065612792969,"style":"Black","w":41.3,"data":{"shapes":[{"ty":"gr","it":[{"ind":0,"ty":"sh","ix":1,"ks":{"a":0,"k":{"i":[[0,0],[0,0],[-4.067,0],[-0.767,-0.15],[-0.567,0],[-0.4,0.284],[-0.134,0.7],[0,0],[2.366,0],[2.366,-1.7],[1.9,-2.933],[0,0],[0.183,0.467],[0.35,0.284],[0.516,0.134],[0.766,0],[0,0],[0,0]],"o":[[0,0],[2.333,-4.333],[1.166,0],[0.766,0.15],[0.666,0],[0.4,-0.283],[0,0],[-1.434,-1.133],[-2.8,0],[-2.367,1.7],[0,0],[-0.134,-0.666],[-0.184,-0.466],[-0.35,-0.283],[-0.517,-0.133],[0,0],[0,0],[0,0]],"v":[[21.5,0],[21.5,-31.8],[31.1,-38.3],[34,-38.075],[36,-37.85],[37.6,-38.275],[38.4,-39.75],[40.4,-51.15],[34.7,-52.85],[26.95,-50.3],[20.55,-43.35],[19.7,-48.2],[19.225,-49.9],[18.425,-51.025],[17.125,-51.65],[15.2,-51.85],[6,-51.85],[6,0]],"c":true},"ix":2},"nm":"r","mn":"ADBE Vector Shape - Group","hd":false}],"nm":"r","np":3,"cix":2,"bm":0,"ix":1,"mn":"ADBE Vector Group","hd":false}]},"fFamily":"Lato"},{"ch":" ","size":55.5065612792969,"style":"Black","w":19.3,"data":{},"fFamily":"Lato"},{"ch":"C","size":55.5065612792969,"style":"Black","w":65.7,"data":{"shapes":[{"ty":"gr","it":[{"ind":0,"ty":"sh","ix":1,"ks":{"a":0,"k":{"i":[[0.466,-0.216],[0.4,-0.333],[0.983,-0.583],[1.083,-0.366],[1.266,-0.15],[1.533,0],[2.333,1.034],[1.75,1.984],[1.016,2.9],[0,3.734],[-1.017,2.867],[-1.817,2.017],[-2.534,1.084],[-3.067,0],[-1.317,-0.266],[-0.984,-0.383],[-0.717,-0.45],[-0.6,-0.383],[-0.534,-0.266],[-0.6,0],[-0.5,0.384],[-0.367,0.467],[0,0],[1.766,1.184],[2.1,0.85],[2.416,0.484],[2.733,0],[4.666,-1.833],[3.35,-3.3],[1.866,-4.55],[0,-5.433],[-1.634,-4.55],[-3.05,-3.316],[-4.384,-1.883],[-5.534,0],[-4.417,1.95],[-2.934,3.834],[0,0],[0.4,0.15],[0.4,0]],"o":[[-0.467,0.217],[-1,0.867],[-0.984,0.584],[-1.084,0.367],[-1.267,0.15],[-2.667,0],[-2.334,-1.033],[-1.75,-1.983],[-1.017,-2.9],[0,-3.566],[1.016,-2.866],[1.816,-2.016],[2.533,-1.083],[1.766,0],[1.316,0.267],[0.983,0.384],[0.716,0.45],[0.6,0.384],[0.533,0.267],[0.9,0],[0.5,-0.383],[0,0],[-1.367,-1.433],[-1.767,-1.183],[-2.1,-0.85],[-2.417,-0.483],[-5.634,0],[-4.667,1.834],[-3.35,3.3],[-1.867,4.55],[0,5.334],[1.633,4.55],[3.05,3.317],[4.383,1.884],[6.033,0],[4.416,-1.95],[0,0],[-0.367,-0.366],[-0.4,-0.15],[-0.5,0]],"v":[[53.5,-18.525],[52.2,-17.7],[49.225,-15.525],[46.125,-14.1],[42.6,-13.325],[38.4,-13.1],[30.9,-14.65],[24.775,-19.175],[20.625,-26.5],[19.1,-36.45],[20.625,-46.1],[24.875,-53.425],[31.4,-58.075],[39.8,-59.7],[44.425,-59.3],[47.875,-58.325],[50.425,-57.075],[52.4,-55.825],[54.1,-54.85],[55.8,-54.45],[57.9,-55.025],[59.2,-56.3],[64.9,-63.95],[60.2,-67.875],[54.4,-70.925],[47.625,-72.925],[39.9,-73.65],[24.45,-70.9],[12.425,-63.2],[4.6,-51.425],[1.8,-36.45],[4.25,-21.625],[11.275,-9.825],[22.425,-2.025],[37.3,0.8],[52.975,-2.125],[64,-10.8],[57.3,-17.85],[56.15,-18.625],[54.95,-18.85]],"c":true},"ix":2},"nm":"C","mn":"ADBE Vector Shape - Group","hd":false}],"nm":"C","np":3,"cix":2,"bm":0,"ix":1,"mn":"ADBE Vector Group","hd":false}]},"fFamily":"Lato"},{"ch":"h","size":55.5065612792969,"style":"Black","w":58,"data":{"shapes":[{"ty":"gr","it":[{"ind":0,"ty":"sh","ix":1,"ks":{"a":0,"k":{"i":[[0,0],[0,0],[-1.5,0.734],[-1.7,0],[-1.167,-1.416],[0,-2.533],[0,0],[0,0],[0,0],[0.766,2.417],[1.5,1.75],[2.183,0.984],[2.833,0],[2.183,-0.983],[1.866,-1.6],[0,0],[0,0],[0,0]],"o":[[0,0],[1.366,-1.233],[1.5,-0.733],[2.266,0],[1.166,1.417],[0,0],[0,0],[0,0],[0,-2.833],[-0.767,-2.416],[-1.5,-1.75],[-2.184,-0.983],[-3.034,0],[-2.184,0.984],[0,0],[0,0],[0,0],[0,0]],"v":[[21.5,0],[21.5,-36.95],[25.8,-39.9],[30.6,-41],[35.75,-38.875],[37.5,-32.95],[37.5,0],[53,0],[53,-32.95],[51.85,-40.825],[48.45,-47.075],[42.925,-51.175],[35.4,-52.65],[27.575,-51.175],[21.5,-47.3],[21.5,-74.85],[6,-74.85],[6,0]],"c":true},"ix":2},"nm":"h","mn":"ADBE Vector Shape - Group","hd":false}],"nm":"h","np":3,"cix":2,"bm":0,"ix":1,"mn":"ADBE Vector Group","hd":false}]},"fFamily":"Lato"},{"ch":"t","size":55.5065612792969,"style":"Black","w":40,"data":{"shapes":[{"ty":"gr","it":[{"ind":0,"ty":"sh","ix":1,"ks":{"a":0,"k":{"i":[[-2.5,0.75],[-2,1.5],[0,0],[0.283,0.217],[0.466,0],[0.25,-0.116],[0.283,-0.15],[0.383,-0.116],[0.566,0],[0.583,0.784],[0,1.2],[0,0],[0,0],[0,0],[0,0],[0,0],[0,0],[0.4,-1.6],[0,0],[0,0],[0,0],[-0.567,-0.516],[-0.8,0],[0,0],[0,0],[-0.667,-1.866],[-1.284,-1.316],[-1.884,-0.716],[-2.467,0]],"o":[[2.5,-0.75],[0,0],[-0.3,-0.466],[-0.284,-0.216],[-0.334,0],[-0.25,0.117],[-0.284,0.15],[-0.384,0.117],[-1.1,0],[-0.584,-0.783],[0,0],[0,0],[0,0],[0,0],[0,0],[0,0],[-1.867,0],[0,0],[0,0],[0,0],[0,1],[0.566,0.517],[0,0],[0,0],[0,2.3],[0.666,1.867],[1.283,1.317],[1.883,0.716],[2.666,0]],"v":[[31.95,-0.325],[38.7,-3.7],[34,-11.05],[33.125,-12.075],[32,-12.4],[31.125,-12.225],[30.325,-11.825],[29.325,-11.425],[27.9,-11.25],[25.375,-12.425],[24.5,-15.4],[24.5,-41.15],[37.1,-41.15],[37.1,-51.75],[24.5,-51.75],[24.5,-66.9],[16.4,-66.9],[13,-64.5],[9.95,-51.85],[1.7,-50.25],[1.7,-44.2],[2.55,-41.925],[4.6,-41.15],[9,-41.15],[9,-14.35],[10,-8.1],[12.925,-3.325],[17.675,-0.275],[24.2,0.8]],"c":true},"ix":2},"nm":"t","mn":"ADBE Vector Shape - Group","hd":false}],"nm":"t","np":3,"cix":2,"bm":0,"ix":1,"mn":"ADBE Vector Group","hd":false}]},"fFamily":"Lato"},{"ch":"s","size":55.5065612792969,"style":"Black","w":44,"data":{"shapes":[{"ty":"gr","it":[{"ind":0,"ty":"sh","ix":1,"ks":{"a":0,"k":{"i":[[0,0],[1.266,0.817],[1.533,0.6],[1.75,0.334],[1.866,0],[2.566,-0.883],[1.7,-1.5],[0.85,-1.983],[0,-2.2],[-0.7,-1.666],[-1.134,-1.15],[-1.45,-0.75],[-1.5,-0.533],[-1.45,-0.416],[-1.134,-0.483],[-0.7,-0.666],[0,-1.033],[0.233,-0.533],[0.5,-0.433],[0.833,-0.25],[1.2,0],[1.116,0.4],[0.833,0.467],[0.716,0.4],[0.9,0],[0.6,-0.383],[0.433,-0.666],[0,0],[-1.4,-0.783],[-1.65,-0.566],[-1.767,-0.333],[-1.767,0],[-2.717,0.866],[-1.85,1.567],[-0.934,2.167],[0,2.567],[0.683,1.5],[1.133,1.05],[1.433,0.717],[1.5,0.534],[1.433,0.434],[1.133,0.484],[0.683,0.634],[0,0.967],[-1.05,0.75],[-1.967,0],[-1.067,-0.316],[-0.85,-0.366],[-0.734,-0.316],[-0.734,0],[-0.45,0.267],[-0.4,0.634]],"o":[[-0.967,-0.966],[-1.267,-0.816],[-1.534,-0.6],[-1.75,-0.333],[-3.434,0],[-2.567,0.884],[-1.7,1.5],[-0.85,1.984],[0,2.367],[0.7,1.667],[1.133,1.15],[1.45,0.75],[1.5,0.534],[1.45,0.417],[1.133,0.484],[0.7,0.667],[0,0.567],[-0.234,0.534],[-0.5,0.434],[-0.834,0.25],[-1.7,0],[-1.117,-0.4],[-0.834,-0.466],[-0.717,-0.4],[-0.967,0],[-0.6,0.384],[0,0],[1,0.9],[1.4,0.784],[1.65,0.567],[1.766,0.333],[3.533,0],[2.716,-0.866],[1.85,-1.566],[0.933,-2.166],[0,-2.1],[-0.684,-1.5],[-1.134,-1.05],[-1.434,-0.716],[-1.5,-0.533],[-1.434,-0.433],[-1.134,-0.483],[-0.684,-0.633],[0,-1.333],[1.05,-0.75],[1.366,0],[1.066,0.317],[0.85,0.367],[0.733,0.317],[0.7,0],[0.45,-0.266],[0,0]],"v":[[41.2,-45.95],[37.85,-48.625],[33.65,-50.75],[28.725,-52.15],[23.3,-52.65],[14.3,-51.325],[7.9,-47.75],[4.075,-42.525],[2.8,-36.25],[3.85,-30.2],[6.6,-25.975],[10.475,-23.125],[14.9,-21.2],[19.325,-19.775],[23.2,-18.425],[25.95,-16.7],[27,-14.15],[26.65,-12.5],[25.55,-11.05],[23.55,-10.025],[20.5,-9.65],[16.275,-10.25],[13.35,-11.55],[11.025,-12.85],[8.6,-13.45],[6.25,-12.875],[4.7,-11.3],[1.1,-5.6],[4.7,-3.075],[9.275,-1.05],[14.4,0.3],[19.7,0.8],[29.075,-0.5],[35.925,-4.15],[40.1,-9.75],[41.5,-16.85],[40.475,-22.25],[37.75,-26.075],[33.9,-28.725],[29.5,-30.6],[25.1,-32.05],[21.25,-33.425],[18.525,-35.1],[17.5,-37.5],[19.075,-40.625],[23.6,-41.75],[27.25,-41.275],[30.125,-40.25],[32.5,-39.225],[34.7,-38.75],[36.425,-39.15],[37.7,-40.5]],"c":true},"ix":2},"nm":"s","mn":"ADBE Vector Shape - Group","hd":false}],"nm":"s","np":3,"cix":2,"bm":0,"ix":1,"mn":"ADBE Vector Group","hd":false}]},"fFamily":"Lato"},{"ch":"1","size":37.9781684875488,"style":"Medium","w":58,"data":{"shapes":[{"ty":"gr","it":[{"ind":0,"ty":"sh","ix":1,"ks":{"a":0,"k":{"i":[[0,0],[0,0],[0,0],[0,0],[0,0],[-0.317,-0.216],[-0.417,-0.066],[-0.467,0.1],[-0.467,0.367],[0,0],[0,-1.5],[0,0],[0,0],[0,0],[0,0],[0,0]],"o":[[0,0],[0,0],[0,0],[0,0],[0.2,0.234],[0.316,0.217],[0.416,0.067],[0.466,-0.1],[0,0],[-0.1,1.6],[0,0],[0,0],[0,0],[0,0],[0,0],[0,0]],"v":[[37.25,-7.45],[37.25,-71.95],[29.3,-71.95],[7.8,-53.4],[10.85,-49.15],[11.625,-48.475],[12.725,-48.05],[14.05,-48.1],[15.45,-48.8],[27.65,-59.15],[27.5,-54.5],[27.5,-7.45],[12.3,-7.45],[12.3,0],[51.1,0],[51.1,-7.45]],"c":true},"ix":2},"nm":"1","mn":"ADBE Vector Shape - Group","hd":false}],"nm":"1","np":3,"cix":2,"bm":0,"ix":1,"mn":"ADBE Vector Group","hd":false}]},"fFamily":"Lato"},{"ch":"0","size":37.9781684875488,"style":"Medium","w":58,"data":{"shapes":[{"ty":"gr","it":[{"ind":0,"ty":"sh","ix":1,"ks":{"a":0,"k":{"i":[[1.35,4.617],[2.35,3.017],[3.183,1.467],[3.666,0],[3.183,-1.466],[2.333,-3.016],[1.333,-4.616],[0,-6.266],[-1.334,-4.6],[-2.334,-3.016],[-3.184,-1.466],[-3.667,0],[-3.184,1.466],[-2.35,3.017],[-1.35,4.6],[0,6.267]],"o":[[-1.35,-4.616],[-2.35,-3.016],[-3.184,-1.466],[-3.667,0],[-3.184,1.467],[-2.334,3.017],[-1.334,4.617],[0,6.267],[1.333,4.6],[2.333,3.017],[3.183,1.466],[3.666,0],[3.183,-1.466],[2.35,-3.016],[1.35,-4.6],[0,-6.266]],"v":[[53.075,-52.225],[47.525,-63.675],[39.225,-70.4],[28.95,-72.6],[18.675,-70.4],[10.4,-63.675],[4.9,-52.225],[2.9,-35.9],[4.9,-19.6],[10.4,-8.175],[18.675,-1.45],[28.95,0.75],[39.225,-1.45],[47.525,-8.175],[53.075,-19.6],[55.1,-35.9]],"c":true},"ix":2},"nm":"0","mn":"ADBE Vector Shape - Group","hd":false},{"ind":1,"ty":"sh","ix":2,"ks":{"a":0,"k":{"i":[[0.883,-3.633],[1.483,-2.2],[1.933,-0.933],[2.1,0],[1.933,0.934],[1.483,2.2],[0.866,3.634],[0,5.4],[-0.867,3.634],[-1.484,2.217],[-1.934,0.934],[-2.1,0],[-1.934,-0.933],[-1.484,-2.216],[-0.884,-3.633],[0,-5.4]],"o":[[-0.884,3.634],[-1.484,2.2],[-1.934,0.934],[-2.1,0],[-1.934,-0.933],[-1.484,-2.2],[-0.867,-3.633],[0,-5.4],[0.866,-3.633],[1.483,-2.216],[1.933,-0.933],[2.1,0],[1.933,0.934],[1.483,2.217],[0.883,3.634],[0,5.4]],"v":[[43.675,-22.35],[40.125,-13.6],[35,-8.9],[28.95,-7.5],[22.9,-8.9],[17.775,-13.6],[14.25,-22.35],[12.95,-35.9],[14.25,-49.45],[17.775,-58.225],[22.9,-62.95],[28.95,-64.35],[35,-62.95],[40.125,-58.225],[43.675,-49.45],[45,-35.9]],"c":true},"ix":2},"nm":"0","mn":"ADBE Vector Shape - Group","hd":false}],"nm":"0","np":5,"cix":2,"bm":0,"ix":1,"mn":"ADBE Vector Group","hd":false}]},"fFamily":"Lato"},{"ch":"7","size":37.9781684875488,"style":"Medium","w":58,"data":{"shapes":[{"ty":"gr","it":[{"ind":0,"ty":"sh","ix":1,"ks":{"a":0,"k":{"i":[[0,0],[0,0],[-0.467,-0.466],[-0.634,0],[0,0],[0.5,-0.783],[0.5,-0.933],[0,0],[0,0],[-0.834,0.667],[-0.467,0.967],[0,0],[-0.284,0.784],[0,1.267],[0,0]],"o":[[0,0],[0,0.634],[0.466,0.467],[0,0],[-0.6,0.667],[-0.5,0.784],[0,0],[0,0],[1.4,0],[0.833,-0.666],[0,0],[0.266,-0.566],[0.283,-0.783],[0,0],[0,0]],"v":[[5.2,-71.8],[5.2,-65.15],[5.9,-63.5],[7.55,-62.8],[44.25,-62.8],[42.6,-60.625],[41.1,-58.05],[11.55,0],[18.55,0],[21.9,-1],[23.85,-3.45],[52.95,-62.35],[53.775,-64.375],[54.2,-67.45],[54.2,-71.8]],"c":true},"ix":2},"nm":"7","mn":"ADBE Vector Shape - Group","hd":false}],"nm":"7","np":3,"cix":2,"bm":0,"ix":1,"mn":"ADBE Vector Group","hd":false}]},"fFamily":"Lato"},{"ch":"5","size":37.9781684875488,"style":"Medium","w":58,"data":{"shapes":[{"ty":"gr","it":[{"ind":0,"ty":"sh","ix":1,"ks":{"a":0,"k":{"i":[[0,0],[0,0],[-0.884,0.884],[0,1.4],[0,0],[0,0],[0,0],[0,0],[-3.534,0],[-1.9,-0.65],[-1.267,-1.233],[-0.634,-1.733],[0,-2.166],[0.716,-2],[1.35,-1.433],[1.95,-0.783],[2.433,0],[1.6,0.517],[1.166,0.634],[0.85,0.517],[0.7,0],[0.633,-0.933],[0,0],[-1.45,-0.933],[-1.7,-0.716],[-1.95,-0.433],[-2.167,0],[-3.184,1.183],[-2.334,2.2],[-1.334,3.1],[0,3.8],[0.983,2.65],[1.95,1.95],[2.866,1.117],[3.733,0],[3.666,-0.766]],"o":[[0,0],[2.066,0],[0.883,-0.883],[0,0],[0,0],[0,0],[0,0],[4,-1.266],[2.533,0],[1.9,0.65],[1.266,1.234],[0.633,1.734],[0,2.434],[-0.717,2],[-1.35,1.434],[-1.95,0.784],[-2.2,0],[-1.6,-0.516],[-1.167,-0.633],[-0.85,-0.516],[-1.067,0],[0,0],[1.133,1.034],[1.45,0.934],[1.7,0.717],[1.95,0.433],[3.666,0],[3.183,-1.183],[2.333,-2.2],[1.333,-3.1],[0,-3.1],[-0.984,-2.65],[-1.95,-1.95],[-2.867,-1.116],[-2.967,0],[0,0]],"v":[[21.75,-62.8],[43.6,-62.8],[48.025,-64.125],[49.35,-67.55],[49.35,-71.8],[14.95,-71.8],[9.1,-37.9],[15.25,-36.1],[26.55,-38],[33.2,-37.025],[37.95,-34.2],[40.8,-29.75],[41.75,-23.9],[40.675,-17.25],[37.575,-12.1],[32.625,-8.775],[26.05,-7.6],[20.35,-8.375],[16.2,-10.1],[13.175,-11.825],[10.85,-12.6],[8.3,-11.2],[5.3,-7],[9.175,-4.05],[13.9,-1.575],[19.375,0.15],[25.55,0.8],[35.825,-0.975],[44.1,-6.05],[49.6,-14],[51.6,-24.35],[50.125,-32.975],[45.725,-39.875],[38.5,-44.475],[28.6,-46.15],[18.65,-45]],"c":true},"ix":2},"nm":"5","mn":"ADBE Vector Shape - Group","hd":false}],"nm":"5","np":3,"cix":2,"bm":0,"ix":1,"mn":"ADBE Vector Group","hd":false}]},"fFamily":"Lato"},{"ch":"2","size":37.9781684875488,"style":"Medium","w":58,"data":{"shapes":[{"ty":"gr","it":[{"ind":0,"ty":"sh","ix":1,"ks":{"a":0,"k":{"i":[[0,0],[1.416,-0.233],[1.4,-0.366],[0,0],[-1.784,1.95],[-1.35,2.067],[-0.784,2.284],[0,2.667],[1.1,2.484],[1.933,1.734],[2.65,0.917],[3.133,0],[2.683,-0.866],[2.066,-1.716],[1.366,-2.533],[0.466,-3.333],[0,0],[-0.717,0.434],[-0.467,1.267],[-0.767,1.234],[-1.134,0.9],[-1.45,0.5],[-1.734,0],[-1.5,-0.5],[-1.1,-1],[-0.634,-1.516],[0,-2],[0.583,-1.833],[1.066,-1.75],[1.533,-1.766],[1.9,-1.9],[0,0],[0.266,-0.75],[0,-0.666],[0,0],[0,0],[0,0],[0.6,0.617],[1.066,0]],"o":[[-1.267,0],[-1.417,0.234],[0,0],[2,-2],[1.783,-1.95],[1.35,-2.066],[0.783,-2.283],[0,-3.133],[-1.1,-2.483],[-1.934,-1.733],[-2.65,-0.916],[-3.1,0],[-2.684,0.867],[-2.067,1.717],[-1.367,2.534],[0,0],[1.366,0.234],[0.716,-0.433],[0.333,-1.433],[0.766,-1.233],[1.133,-0.9],[1.45,-0.5],[1.733,0],[1.5,0.5],[1.1,1],[0.633,1.517],[0,2.034],[-0.584,1.834],[-1.067,1.75],[-1.534,1.767],[0,0],[-0.634,0.6],[-0.267,0.75],[0,0],[0,0],[0,0],[0,-1],[-0.6,-0.616],[0,0]],"v":[[26.65,-9.25],[22.625,-8.9],[18.4,-8],[36.6,-26.6],[42.275,-32.525],[46.975,-38.55],[50.175,-45.075],[51.35,-52.5],[49.7,-60.925],[45.15,-67.25],[38.275,-71.225],[29.6,-72.6],[20.925,-71.3],[13.8,-67.425],[8.65,-61.05],[5.9,-52.25],[11,-51.35],[14.125,-51.65],[15.9,-54.2],[17.55,-58.2],[20.4,-61.4],[24.275,-63.5],[29.05,-64.25],[33.9,-63.5],[37.8,-61.25],[40.4,-57.475],[41.35,-52.2],[40.475,-46.4],[38,-41.025],[34.1,-35.75],[28.95,-30.25],[6.25,-7.5],[4.9,-5.475],[4.5,-3.35],[4.5,0],[52.7,0],[52.7,-5.9],[51.8,-8.325],[49.3,-9.25]],"c":true},"ix":2},"nm":"2","mn":"ADBE Vector Shape - Group","hd":false}],"nm":"2","np":3,"cix":2,"bm":0,"ix":1,"mn":"ADBE Vector Group","hd":false}]},"fFamily":"Lato"},{"ch":"M","size":37.9781684875488,"style":"Medium","w":93.25,"data":{"shapes":[{"ty":"gr","it":[{"ind":0,"ty":"sh","ix":1,"ks":{"a":0,"k":{"i":[[0,0],[0.516,-0.183],[0.433,-0.833],[0,0],[0.7,-1.966],[0.4,0.967],[0.466,0.867],[0,0],[0.516,0.184],[0.933,0],[0,0],[0,0],[0,0],[0,0],[0.2,1.867],[0,0],[-1.734,0],[0,0],[-0.834,1.634],[0,0],[0.05,-0.866],[0,-0.766],[0,0],[0,0],[0,0]],"o":[[-0.934,0],[-0.517,0.184],[0,0],[-0.934,1.834],[-0.367,-0.966],[-0.4,-0.966],[0,0],[-0.467,-0.833],[-0.517,-0.183],[0,0],[0,0],[0,0],[0,0],[0,-1.633],[0,0],[0.8,1.634],[0,0],[1.733,0],[0,0],[-0.067,0.9],[-0.05,0.867],[0,0],[0,0],[0,0],[0,0]],"v":[[76.45,-71.8],[74.275,-71.525],[72.85,-70],[49.3,-27.05],[46.85,-21.35],[45.7,-24.25],[44.4,-27],[20.4,-70],[18.925,-71.525],[16.75,-71.8],[8.85,-71.8],[8.85,0],[18.2,0],[18.2,-51.1],[17.9,-56.35],[42.25,-12.35],[46.05,-9.9],[47.55,-9.9],[51.4,-12.35],[75.3,-56.2],[75.125,-53.55],[75.05,-51.1],[75.05,0],[84.35,0],[84.35,-71.8]],"c":true},"ix":2},"nm":"M","mn":"ADBE Vector Shape - Group","hd":false}],"nm":"M","np":3,"cix":2,"bm":0,"ix":1,"mn":"ADBE Vector Group","hd":false}]},"fFamily":"Lato"},{"ch":"S","size":37.9781684875488,"style":"Medium","w":54.4,"data":{"shapes":[{"ty":"gr","it":[{"ind":0,"ty":"sh","ix":1,"ks":{"a":0,"k":{"i":[[0,0],[3.383,1.284],[4.033,0],[2.8,-1.116],[1.916,-1.85],[1,-2.4],[0,-2.566],[-0.967,-2.183],[-1.6,-1.45],[-2.034,-0.9],[-2.134,-0.683],[-2.034,-0.633],[-1.6,-0.9],[-0.967,-1.333],[0,-2.1],[0.633,-1.533],[1.183,-1.083],[1.733,-0.583],[2.2,0],[1.883,0.734],[1.35,0.884],[0.916,0.734],[0.7,0],[0.416,-0.266],[0.3,-0.4],[0,0],[-1.684,-1.15],[-1.934,-0.816],[-2.167,-0.45],[-2.3,0],[-3.017,1.183],[-2.067,2.067],[-1.084,2.767],[0,3.167],[0.983,2.05],[1.6,1.417],[2.033,0.934],[2.133,0.717],[2.033,0.667],[1.6,0.9],[0.983,1.267],[0,1.934],[-0.55,1.284],[-1.067,0.95],[-1.584,0.55],[-2.1,0],[-1.6,-0.55],[-1.15,-0.683],[-0.767,-0.55],[-0.6,0],[-0.367,0.267],[-0.334,0.567]],"o":[[-2.5,-2.4],[-3.384,-1.283],[-3.6,0],[-2.8,1.117],[-1.917,1.85],[-1,2.4],[0,3.2],[0.966,2.184],[1.6,1.45],[2.033,0.9],[2.133,0.684],[2.033,0.634],[1.6,0.9],[0.966,1.334],[0,1.867],[-0.634,1.534],[-1.184,1.084],[-1.734,0.584],[-2.7,0],[-1.884,-0.733],[-1.35,-0.883],[-0.917,-0.733],[-0.534,0],[-0.417,0.267],[0,0],[1.333,1.434],[1.683,1.15],[1.933,0.817],[2.166,0.45],[3.833,0],[3.016,-1.183],[2.066,-2.066],[1.083,-2.766],[0,-2.966],[-0.984,-2.05],[-1.6,-1.416],[-2.034,-0.933],[-2.134,-0.716],[-2.034,-0.666],[-1.6,-0.9],[-0.984,-1.266],[0,-1.5],[0.55,-1.283],[1.066,-0.95],[1.583,-0.55],[2.233,0],[1.6,0.55],[1.15,0.684],[0.766,0.55],[0.566,0],[0.366,-0.266],[0,0]],"v":[[48.6,-65.15],[39.775,-70.675],[28.65,-72.6],[19.05,-70.925],[11.975,-66.475],[7.6,-60.1],[6.1,-52.65],[7.55,-44.575],[11.4,-39.125],[16.85,-35.6],[23.1,-33.225],[29.35,-31.25],[34.8,-28.95],[38.65,-25.6],[40.1,-20.45],[39.15,-15.35],[36.425,-11.425],[32.05,-8.925],[26.15,-8.05],[19.275,-9.15],[14.425,-11.575],[11.025,-14],[8.6,-15.1],[7.175,-14.7],[6.1,-13.7],[3.05,-8.6],[7.575,-4.725],[13,-1.775],[19.15,0.125],[25.85,0.8],[36.125,-0.975],[43.75,-5.85],[48.475,-13.1],[50.1,-22],[48.625,-29.525],[44.75,-34.725],[39.3,-38.25],[33.05,-40.725],[26.8,-42.8],[21.35,-45.15],[17.475,-48.4],[16,-53.2],[16.825,-57.375],[19.25,-60.725],[23.225,-62.975],[28.75,-63.8],[34.5,-62.975],[38.625,-61.125],[41.5,-59.275],[43.55,-58.45],[44.95,-58.85],[46,-60.1]],"c":true},"ix":2},"nm":"S","mn":"ADBE Vector Shape - Group","hd":false}],"nm":"S","np":3,"cix":2,"bm":0,"ix":1,"mn":"ADBE Vector Group","hd":false}]},"fFamily":"Lato"},{"ch":"F","size":37.9781684875488,"style":"Medium","w":56.55,"data":{"shapes":[{"ty":"gr","it":[{"ind":0,"ty":"sh","ix":1,"ks":{"a":0,"k":{"i":[[0,0],[0,0],[0,0],[0,0],[0,0],[0,0],[0,0],[0,0],[0,0],[0,0]],"o":[[0,0],[0,0],[0,0],[0,0],[0,0],[0,0],[0,0],[0,0],[0,0],[0,0]],"v":[[53.35,-63.15],[53.35,-71.8],[8.85,-71.8],[8.85,0],[19.55,0],[19.55,-30.45],[48.35,-30.45],[48.35,-39.1],[19.55,-39.1],[19.55,-63.15]],"c":true},"ix":2},"nm":"F","mn":"ADBE Vector Shape - Group","hd":false}],"nm":"F","np":3,"cix":2,"bm":0,"ix":1,"mn":"ADBE Vector Group","hd":false}]},"fFamily":"Lato"}]}