{"v": "5.5.7", "meta": {"g": "LottieFiles AE 0.1.9", "a": "", "k": "", "d": "", "tc": ""}, "fr": 30, "ip": 0, "op": 60, "w": 300, "h": 300, "nm": "forth3-12", "ddd": 0, "assets": [], "layers": [{"ddd": 0, "ind": 1, "ty": 4, "nm": "Shape Layer 13", "sr": 1, "ks": {"o": {"a": 0, "k": 100, "ix": 11}, "r": {"a": 0, "k": 0, "ix": 10}, "p": {"a": 0, "k": [272, 146.5, 0], "ix": 2}, "a": {"a": 0, "k": [-128, -3.5, 0], "ix": 1}, "s": {"a": 0, "k": [100, 100, 100], "ix": 6}}, "ao": 0, "shapes": [{"ty": "gr", "it": [{"ind": 0, "ty": "sh", "ix": 1, "ks": {"a": 0, "k": {"i": [[0, 0], [0, 0]], "o": [[0, 0], [0, 0]], "v": [[-128, -77], [-128, 70]], "c": false}, "ix": 2}, "nm": "Path 1", "mn": "ADBE Vector Shape - Group", "hd": false}, {"ty": "st", "c": {"a": 0, "k": [0.054901960784313725, 0.8, 0.807843137254902, 1], "ix": 3}, "o": {"a": 0, "k": 100, "ix": 4}, "w": {"a": 0, "k": 10, "ix": 5}, "lc": 2, "lj": 1, "ml": 4, "bm": 0, "nm": "Stroke 1", "mn": "ADBE Vector Graphic - Stroke", "hd": false}, {"ty": "tr", "p": {"a": 0, "k": [0, 0], "ix": 2}, "a": {"a": 0, "k": [0, 0], "ix": 1}, "s": {"a": 0, "k": [100, 100], "ix": 3}, "r": {"a": 0, "k": 0, "ix": 6}, "o": {"a": 0, "k": 100, "ix": 7}, "sk": {"a": 0, "k": 0, "ix": 4}, "sa": {"a": 0, "k": 0, "ix": 5}, "nm": "Transform"}], "nm": "Shape 1", "np": 3, "cix": 2, "bm": 0, "ix": 1, "mn": "ADBE Vector Group", "hd": false}, {"ty": "tm", "s": {"a": 1, "k": [{"i": {"x": [0.72], "y": [1]}, "o": {"x": [0.52], "y": [0]}, "t": 8.667, "s": [43.185]}, {"i": {"x": [0.72], "y": [1]}, "o": {"x": [0.52], "y": [0]}, "t": 25.333, "s": [0]}, {"t": 42, "s": [43.185]}], "ix": 1}, "e": {"a": 1, "k": [{"i": {"x": [0.72], "y": [1]}, "o": {"x": [0.52], "y": [0]}, "t": 8.667, "s": [56.815]}, {"i": {"x": [0.72], "y": [1]}, "o": {"x": [0.52], "y": [0]}, "t": 25.333, "s": [100]}, {"t": 42, "s": [56.815]}], "ix": 2}, "o": {"a": 0, "k": 0, "ix": 3}, "m": 1, "ix": 2, "nm": "Trim Paths 1", "mn": "ADBE Vector Filter - Trim", "hd": false}], "ip": 0, "op": 60, "st": 0, "bm": 0}, {"ddd": 0, "ind": 2, "ty": 4, "nm": "Shape Layer 12", "sr": 1, "ks": {"o": {"a": 0, "k": 100, "ix": 11}, "r": {"a": 0, "k": 0, "ix": 10}, "p": {"a": 0, "k": [252, 146.5, 0], "ix": 2}, "a": {"a": 0, "k": [-128, -3.5, 0], "ix": 1}, "s": {"a": 0, "k": [100, 100, 100], "ix": 6}}, "ao": 0, "shapes": [{"ty": "gr", "it": [{"ind": 0, "ty": "sh", "ix": 1, "ks": {"a": 0, "k": {"i": [[0, 0], [0, 0]], "o": [[0, 0], [0, 0]], "v": [[-128, -77], [-128, 70]], "c": false}, "ix": 2}, "nm": "Path 1", "mn": "ADBE Vector Shape - Group", "hd": false}, {"ty": "st", "c": {"a": 0, "k": [0.054901960784313725, 0.8, 0.807843137254902, 1], "ix": 3}, "o": {"a": 0, "k": 100, "ix": 4}, "w": {"a": 0, "k": 10, "ix": 5}, "lc": 2, "lj": 1, "ml": 4, "bm": 0, "nm": "Stroke 1", "mn": "ADBE Vector Graphic - Stroke", "hd": false}, {"ty": "tr", "p": {"a": 0, "k": [0, 0], "ix": 2}, "a": {"a": 0, "k": [0, 0], "ix": 1}, "s": {"a": 0, "k": [100, 100], "ix": 3}, "r": {"a": 0, "k": 0, "ix": 6}, "o": {"a": 0, "k": 100, "ix": 7}, "sk": {"a": 0, "k": 0, "ix": 4}, "sa": {"a": 0, "k": 0, "ix": 5}, "nm": "Transform"}], "nm": "Shape 1", "np": 3, "cix": 2, "bm": 0, "ix": 1, "mn": "ADBE Vector Group", "hd": false}, {"ty": "tm", "s": {"a": 1, "k": [{"i": {"x": [0.72], "y": [1]}, "o": {"x": [0.52], "y": [0]}, "t": 15.333, "s": [43.185]}, {"i": {"x": [0.72], "y": [1]}, "o": {"x": [0.52], "y": [0]}, "t": 32, "s": [0]}, {"t": 48.666015625, "s": [43.185]}], "ix": 1}, "e": {"a": 1, "k": [{"i": {"x": [0.72], "y": [1]}, "o": {"x": [0.52], "y": [0]}, "t": 15.333, "s": [56.815]}, {"i": {"x": [0.72], "y": [1]}, "o": {"x": [0.52], "y": [0]}, "t": 32, "s": [100]}, {"t": 48.666015625, "s": [56.815]}], "ix": 2}, "o": {"a": 0, "k": 0, "ix": 3}, "m": 1, "ix": 2, "nm": "Trim Paths 1", "mn": "ADBE Vector Filter - Trim", "hd": false}], "ip": 0, "op": 60, "st": 0, "bm": 0}, {"ddd": 0, "ind": 3, "ty": 4, "nm": "Shape Layer 11", "sr": 1, "ks": {"o": {"a": 0, "k": 100, "ix": 11}, "r": {"a": 0, "k": 0, "ix": 10}, "p": {"a": 0, "k": [232, 146.5, 0], "ix": 2}, "a": {"a": 0, "k": [-128, -3.5, 0], "ix": 1}, "s": {"a": 0, "k": [100, 100, 100], "ix": 6}}, "ao": 0, "shapes": [{"ty": "gr", "it": [{"ind": 0, "ty": "sh", "ix": 1, "ks": {"a": 0, "k": {"i": [[0, 0], [0, 0]], "o": [[0, 0], [0, 0]], "v": [[-128, -77], [-128, 70]], "c": false}, "ix": 2}, "nm": "Path 1", "mn": "ADBE Vector Shape - Group", "hd": false}, {"ty": "st", "c": {"a": 0, "k": [0.054901960784313725, 0.8, 0.807843137254902, 1], "ix": 3}, "o": {"a": 0, "k": 100, "ix": 4}, "w": {"a": 0, "k": 10, "ix": 5}, "lc": 2, "lj": 1, "ml": 4, "bm": 0, "nm": "Stroke 1", "mn": "ADBE Vector Graphic - Stroke", "hd": false}, {"ty": "tr", "p": {"a": 0, "k": [0, 0], "ix": 2}, "a": {"a": 0, "k": [0, 0], "ix": 1}, "s": {"a": 0, "k": [100, 100], "ix": 3}, "r": {"a": 0, "k": 0, "ix": 6}, "o": {"a": 0, "k": 100, "ix": 7}, "sk": {"a": 0, "k": 0, "ix": 4}, "sa": {"a": 0, "k": 0, "ix": 5}, "nm": "Transform"}], "nm": "Shape 1", "np": 3, "cix": 2, "bm": 0, "ix": 1, "mn": "ADBE Vector Group", "hd": false}, {"ty": "tm", "s": {"a": 1, "k": [{"i": {"x": [0.72], "y": [1]}, "o": {"x": [0.52], "y": [0]}, "t": 6.666, "s": [43.185]}, {"i": {"x": [0.72], "y": [1]}, "o": {"x": [0.52], "y": [0]}, "t": 23.333, "s": [0]}, {"t": 40, "s": [43.185]}], "ix": 1}, "e": {"a": 1, "k": [{"i": {"x": [0.72], "y": [1]}, "o": {"x": [0.52], "y": [0]}, "t": 6.666, "s": [56.815]}, {"i": {"x": [0.72], "y": [1]}, "o": {"x": [0.52], "y": [0]}, "t": 23.333, "s": [100]}, {"t": 40, "s": [56.815]}], "ix": 2}, "o": {"a": 0, "k": 0, "ix": 3}, "m": 1, "ix": 2, "nm": "Trim Paths 1", "mn": "ADBE Vector Filter - Trim", "hd": false}], "ip": 0, "op": 60, "st": 0, "bm": 0}, {"ddd": 0, "ind": 4, "ty": 4, "nm": "Shape Layer 10", "sr": 1, "ks": {"o": {"a": 0, "k": 100, "ix": 11}, "r": {"a": 0, "k": 0, "ix": 10}, "p": {"a": 0, "k": [212, 146.5, 0], "ix": 2}, "a": {"a": 0, "k": [-128, -3.5, 0], "ix": 1}, "s": {"a": 0, "k": [100, 100, 100], "ix": 6}}, "ao": 0, "shapes": [{"ty": "gr", "it": [{"ind": 0, "ty": "sh", "ix": 1, "ks": {"a": 0, "k": {"i": [[0, 0], [0, 0]], "o": [[0, 0], [0, 0]], "v": [[-128, -77], [-128, 70]], "c": false}, "ix": 2}, "nm": "Path 1", "mn": "ADBE Vector Shape - Group", "hd": false}, {"ty": "st", "c": {"a": 0, "k": [0.054901960784313725, 0.8, 0.807843137254902, 1], "ix": 3}, "o": {"a": 0, "k": 100, "ix": 4}, "w": {"a": 0, "k": 10, "ix": 5}, "lc": 2, "lj": 1, "ml": 4, "bm": 0, "nm": "Stroke 1", "mn": "ADBE Vector Graphic - Stroke", "hd": false}, {"ty": "tr", "p": {"a": 0, "k": [0, 0], "ix": 2}, "a": {"a": 0, "k": [0, 0], "ix": 1}, "s": {"a": 0, "k": [100, 100], "ix": 3}, "r": {"a": 0, "k": 0, "ix": 6}, "o": {"a": 0, "k": 100, "ix": 7}, "sk": {"a": 0, "k": 0, "ix": 4}, "sa": {"a": 0, "k": 0, "ix": 5}, "nm": "Transform"}], "nm": "Shape 1", "np": 3, "cix": 2, "bm": 0, "ix": 1, "mn": "ADBE Vector Group", "hd": false}, {"ty": "tm", "s": {"a": 1, "k": [{"i": {"x": [0.72], "y": [1]}, "o": {"x": [0.52], "y": [0]}, "t": 15.333, "s": [43.185]}, {"i": {"x": [0.72], "y": [1]}, "o": {"x": [0.52], "y": [0]}, "t": 32, "s": [0]}, {"t": 48.666015625, "s": [43.185]}], "ix": 1}, "e": {"a": 1, "k": [{"i": {"x": [0.72], "y": [1]}, "o": {"x": [0.52], "y": [0]}, "t": 15.333, "s": [56.815]}, {"i": {"x": [0.72], "y": [1]}, "o": {"x": [0.52], "y": [0]}, "t": 32, "s": [100]}, {"t": 48.666015625, "s": [56.815]}], "ix": 2}, "o": {"a": 0, "k": 0, "ix": 3}, "m": 1, "ix": 2, "nm": "Trim Paths 1", "mn": "ADBE Vector Filter - Trim", "hd": false}], "ip": 0, "op": 60, "st": 0, "bm": 0}, {"ddd": 0, "ind": 5, "ty": 4, "nm": "Shape Layer 9", "sr": 1, "ks": {"o": {"a": 0, "k": 100, "ix": 11}, "r": {"a": 0, "k": 0, "ix": 10}, "p": {"a": 0, "k": [192, 146.5, 0], "ix": 2}, "a": {"a": 0, "k": [-128, -3.5, 0], "ix": 1}, "s": {"a": 0, "k": [100, 100, 100], "ix": 6}}, "ao": 0, "shapes": [{"ty": "gr", "it": [{"ind": 0, "ty": "sh", "ix": 1, "ks": {"a": 0, "k": {"i": [[0, 0], [0, 0]], "o": [[0, 0], [0, 0]], "v": [[-128, -77], [-128, 70]], "c": false}, "ix": 2}, "nm": "Path 1", "mn": "ADBE Vector Shape - Group", "hd": false}, {"ty": "st", "c": {"a": 0, "k": [0.054901960784313725, 0.8, 0.807843137254902, 1], "ix": 3}, "o": {"a": 0, "k": 100, "ix": 4}, "w": {"a": 0, "k": 10, "ix": 5}, "lc": 2, "lj": 1, "ml": 4, "bm": 0, "nm": "Stroke 1", "mn": "ADBE Vector Graphic - Stroke", "hd": false}, {"ty": "tr", "p": {"a": 0, "k": [0, 0], "ix": 2}, "a": {"a": 0, "k": [0, 0], "ix": 1}, "s": {"a": 0, "k": [100, 100], "ix": 3}, "r": {"a": 0, "k": 0, "ix": 6}, "o": {"a": 0, "k": 100, "ix": 7}, "sk": {"a": 0, "k": 0, "ix": 4}, "sa": {"a": 0, "k": 0, "ix": 5}, "nm": "Transform"}], "nm": "Shape 1", "np": 3, "cix": 2, "bm": 0, "ix": 1, "mn": "ADBE Vector Group", "hd": false}, {"ty": "tm", "s": {"a": 1, "k": [{"i": {"x": [0.72], "y": [1]}, "o": {"x": [0.52], "y": [0]}, "t": 8.667, "s": [43.185]}, {"i": {"x": [0.72], "y": [1]}, "o": {"x": [0.52], "y": [0]}, "t": 25.334, "s": [0]}, {"t": 42, "s": [43.185]}], "ix": 1}, "e": {"a": 1, "k": [{"i": {"x": [0.72], "y": [1]}, "o": {"x": [0.52], "y": [0]}, "t": 8.667, "s": [56.815]}, {"i": {"x": [0.72], "y": [1]}, "o": {"x": [0.52], "y": [0]}, "t": 25.334, "s": [100]}, {"t": 42, "s": [56.815]}], "ix": 2}, "o": {"a": 0, "k": 0, "ix": 3}, "m": 1, "ix": 2, "nm": "Trim Paths 1", "mn": "ADBE Vector Filter - Trim", "hd": false}], "ip": 0, "op": 60, "st": 0, "bm": 0}, {"ddd": 0, "ind": 6, "ty": 4, "nm": "Shape Layer 8", "sr": 1, "ks": {"o": {"a": 0, "k": 100, "ix": 11}, "r": {"a": 0, "k": 0, "ix": 10}, "p": {"a": 0, "k": [172, 146.5, 0], "ix": 2}, "a": {"a": 0, "k": [-128, -3.5, 0], "ix": 1}, "s": {"a": 0, "k": [100, 100, 100], "ix": 6}}, "ao": 0, "shapes": [{"ty": "gr", "it": [{"ind": 0, "ty": "sh", "ix": 1, "ks": {"a": 0, "k": {"i": [[0, 0], [0, 0]], "o": [[0, 0], [0, 0]], "v": [[-128, -77], [-128, 70]], "c": false}, "ix": 2}, "nm": "Path 1", "mn": "ADBE Vector Shape - Group", "hd": false}, {"ty": "st", "c": {"a": 0, "k": [0.054901960784313725, 0.8, 0.807843137254902, 1], "ix": 3}, "o": {"a": 0, "k": 100, "ix": 4}, "w": {"a": 0, "k": 10, "ix": 5}, "lc": 2, "lj": 1, "ml": 4, "bm": 0, "nm": "Stroke 1", "mn": "ADBE Vector Graphic - Stroke", "hd": false}, {"ty": "tr", "p": {"a": 0, "k": [0, 0], "ix": 2}, "a": {"a": 0, "k": [0, 0], "ix": 1}, "s": {"a": 0, "k": [100, 100], "ix": 3}, "r": {"a": 0, "k": 0, "ix": 6}, "o": {"a": 0, "k": 100, "ix": 7}, "sk": {"a": 0, "k": 0, "ix": 4}, "sa": {"a": 0, "k": 0, "ix": 5}, "nm": "Transform"}], "nm": "Shape 1", "np": 3, "cix": 2, "bm": 0, "ix": 1, "mn": "ADBE Vector Group", "hd": false}, {"ty": "tm", "s": {"a": 1, "k": [{"i": {"x": [0.72], "y": [1]}, "o": {"x": [0.52], "y": [0]}, "t": 19.5, "s": [43.185]}, {"i": {"x": [0.72], "y": [1]}, "o": {"x": [0.52], "y": [0]}, "t": 36.166, "s": [0]}, {"t": 52.8330078125, "s": [43.185]}], "ix": 1}, "e": {"a": 1, "k": [{"i": {"x": [0.72], "y": [1]}, "o": {"x": [0.52], "y": [0]}, "t": 19.5, "s": [56.815]}, {"i": {"x": [0.72], "y": [1]}, "o": {"x": [0.52], "y": [0]}, "t": 36.166, "s": [100]}, {"t": 52.8330078125, "s": [56.815]}], "ix": 2}, "o": {"a": 0, "k": 0, "ix": 3}, "m": 1, "ix": 2, "nm": "Trim Paths 1", "mn": "ADBE Vector Filter - Trim", "hd": false}], "ip": 0, "op": 60, "st": 0, "bm": 0}, {"ddd": 0, "ind": 7, "ty": 4, "nm": "Shape Layer 7", "sr": 1, "ks": {"o": {"a": 0, "k": 100, "ix": 11}, "r": {"a": 0, "k": 0, "ix": 10}, "p": {"a": 0, "k": [152, 146.5, 0], "ix": 2}, "a": {"a": 0, "k": [-128, -3.5, 0], "ix": 1}, "s": {"a": 0, "k": [100, 100, 100], "ix": 6}}, "ao": 0, "shapes": [{"ty": "gr", "it": [{"ind": 0, "ty": "sh", "ix": 1, "ks": {"a": 0, "k": {"i": [[0, 0], [0, 0]], "o": [[0, 0], [0, 0]], "v": [[-128, -77], [-128, 70]], "c": false}, "ix": 2}, "nm": "Path 1", "mn": "ADBE Vector Shape - Group", "hd": false}, {"ty": "st", "c": {"a": 0, "k": [0.054901960784313725, 0.8, 0.807843137254902, 1], "ix": 3}, "o": {"a": 0, "k": 100, "ix": 4}, "w": {"a": 0, "k": 10, "ix": 5}, "lc": 2, "lj": 1, "ml": 4, "bm": 0, "nm": "Stroke 1", "mn": "ADBE Vector Graphic - Stroke", "hd": false}, {"ty": "tr", "p": {"a": 0, "k": [0, 0], "ix": 2}, "a": {"a": 0, "k": [0, 0], "ix": 1}, "s": {"a": 0, "k": [100, 100], "ix": 3}, "r": {"a": 0, "k": 0, "ix": 6}, "o": {"a": 0, "k": 100, "ix": 7}, "sk": {"a": 0, "k": 0, "ix": 4}, "sa": {"a": 0, "k": 0, "ix": 5}, "nm": "Transform"}], "nm": "Shape 1", "np": 3, "cix": 2, "bm": 0, "ix": 1, "mn": "ADBE Vector Group", "hd": false}, {"ty": "tm", "s": {"a": 1, "k": [{"i": {"x": [0.72], "y": [1]}, "o": {"x": [0.52], "y": [0]}, "t": 2.833, "s": [43.185]}, {"i": {"x": [0.72], "y": [1]}, "o": {"x": [0.52], "y": [0]}, "t": 19.5, "s": [0]}, {"t": 36.166015625, "s": [43.185]}], "ix": 1}, "e": {"a": 1, "k": [{"i": {"x": [0.72], "y": [1]}, "o": {"x": [0.52], "y": [0]}, "t": 2.833, "s": [56.815]}, {"i": {"x": [0.72], "y": [1]}, "o": {"x": [0.52], "y": [0]}, "t": 19.5, "s": [100]}, {"t": 36.166015625, "s": [56.815]}], "ix": 2}, "o": {"a": 0, "k": 0, "ix": 3}, "m": 1, "ix": 2, "nm": "Trim Paths 1", "mn": "ADBE Vector Filter - Trim", "hd": false}], "ip": 0, "op": 60, "st": 0, "bm": 0}, {"ddd": 0, "ind": 8, "ty": 4, "nm": "Shape Layer 6", "sr": 1, "ks": {"o": {"a": 0, "k": 100, "ix": 11}, "r": {"a": 0, "k": 0, "ix": 10}, "p": {"a": 0, "k": [132, 146.5, 0], "ix": 2}, "a": {"a": 0, "k": [-128, -3.5, 0], "ix": 1}, "s": {"a": 0, "k": [100, 100, 100], "ix": 6}}, "ao": 0, "shapes": [{"ty": "gr", "it": [{"ind": 0, "ty": "sh", "ix": 1, "ks": {"a": 0, "k": {"i": [[0, 0], [0, 0]], "o": [[0, 0], [0, 0]], "v": [[-128, -77], [-128, 70]], "c": false}, "ix": 2}, "nm": "Path 1", "mn": "ADBE Vector Shape - Group", "hd": false}, {"ty": "st", "c": {"a": 0, "k": [0.054901960784313725, 0.8, 0.807843137254902, 1], "ix": 3}, "o": {"a": 0, "k": 100, "ix": 4}, "w": {"a": 0, "k": 10, "ix": 5}, "lc": 2, "lj": 1, "ml": 4, "bm": 0, "nm": "Stroke 1", "mn": "ADBE Vector Graphic - Stroke", "hd": false}, {"ty": "tr", "p": {"a": 0, "k": [0, 0], "ix": 2}, "a": {"a": 0, "k": [0, 0], "ix": 1}, "s": {"a": 0, "k": [100, 100], "ix": 3}, "r": {"a": 0, "k": 0, "ix": 6}, "o": {"a": 0, "k": 100, "ix": 7}, "sk": {"a": 0, "k": 0, "ix": 4}, "sa": {"a": 0, "k": 0, "ix": 5}, "nm": "Transform"}], "nm": "Shape 1", "np": 3, "cix": 2, "bm": 0, "ix": 1, "mn": "ADBE Vector Group", "hd": false}, {"ty": "tm", "s": {"a": 1, "k": [{"i": {"x": [0.72], "y": [1]}, "o": {"x": [0.52], "y": [0]}, "t": 7, "s": [43.185]}, {"i": {"x": [0.72], "y": [1]}, "o": {"x": [0.52], "y": [0]}, "t": 23.666, "s": [0]}, {"t": 40.3330078125, "s": [43.185]}], "ix": 1}, "e": {"a": 1, "k": [{"i": {"x": [0.72], "y": [1]}, "o": {"x": [0.52], "y": [0]}, "t": 7, "s": [56.815]}, {"i": {"x": [0.72], "y": [1]}, "o": {"x": [0.52], "y": [0]}, "t": 23.666, "s": [100]}, {"t": 40.3330078125, "s": [56.815]}], "ix": 2}, "o": {"a": 0, "k": 0, "ix": 3}, "m": 1, "ix": 2, "nm": "Trim Paths 1", "mn": "ADBE Vector Filter - Trim", "hd": false}], "ip": 0, "op": 60, "st": 0, "bm": 0}, {"ddd": 0, "ind": 9, "ty": 4, "nm": "Shape Layer 5", "sr": 1, "ks": {"o": {"a": 0, "k": 100, "ix": 11}, "r": {"a": 0, "k": 0, "ix": 10}, "p": {"a": 0, "k": [112, 146.5, 0], "ix": 2}, "a": {"a": 0, "k": [-128, -3.5, 0], "ix": 1}, "s": {"a": 0, "k": [100, 100, 100], "ix": 6}}, "ao": 0, "shapes": [{"ty": "gr", "it": [{"ind": 0, "ty": "sh", "ix": 1, "ks": {"a": 0, "k": {"i": [[0, 0], [0, 0]], "o": [[0, 0], [0, 0]], "v": [[-128, -77], [-128, 70]], "c": false}, "ix": 2}, "nm": "Path 1", "mn": "ADBE Vector Shape - Group", "hd": false}, {"ty": "st", "c": {"a": 0, "k": [0.054901960784313725, 0.8, 0.807843137254902, 1], "ix": 3}, "o": {"a": 0, "k": 100, "ix": 4}, "w": {"a": 0, "k": 10, "ix": 5}, "lc": 2, "lj": 1, "ml": 4, "bm": 0, "nm": "Stroke 1", "mn": "ADBE Vector Graphic - Stroke", "hd": false}, {"ty": "tr", "p": {"a": 0, "k": [0, 0], "ix": 2}, "a": {"a": 0, "k": [0, 0], "ix": 1}, "s": {"a": 0, "k": [100, 100], "ix": 3}, "r": {"a": 0, "k": 0, "ix": 6}, "o": {"a": 0, "k": 100, "ix": 7}, "sk": {"a": 0, "k": 0, "ix": 4}, "sa": {"a": 0, "k": 0, "ix": 5}, "nm": "Transform"}], "nm": "Shape 1", "np": 3, "cix": 2, "bm": 0, "ix": 1, "mn": "ADBE Vector Group", "hd": false}, {"ty": "tm", "s": {"a": 1, "k": [{"i": {"x": [0.72], "y": [1]}, "o": {"x": [0.52], "y": [0]}, "t": 15.333, "s": [43.185]}, {"i": {"x": [0.72], "y": [1]}, "o": {"x": [0.52], "y": [0]}, "t": 32, "s": [0]}, {"t": 48.666015625, "s": [43.185]}], "ix": 1}, "e": {"a": 1, "k": [{"i": {"x": [0.72], "y": [1]}, "o": {"x": [0.52], "y": [0]}, "t": 15.333, "s": [56.815]}, {"i": {"x": [0.72], "y": [1]}, "o": {"x": [0.52], "y": [0]}, "t": 32, "s": [100]}, {"t": 48.666015625, "s": [56.815]}], "ix": 2}, "o": {"a": 0, "k": 0, "ix": 3}, "m": 1, "ix": 2, "nm": "Trim Paths 1", "mn": "ADBE Vector Filter - Trim", "hd": false}], "ip": 0, "op": 60, "st": 0, "bm": 0}, {"ddd": 0, "ind": 10, "ty": 4, "nm": "Shape Layer 4", "sr": 1, "ks": {"o": {"a": 0, "k": 100, "ix": 11}, "r": {"a": 0, "k": 0, "ix": 10}, "p": {"a": 0, "k": [92, 146.5, 0], "ix": 2}, "a": {"a": 0, "k": [-128, -3.5, 0], "ix": 1}, "s": {"a": 0, "k": [100, 100, 100], "ix": 6}}, "ao": 0, "shapes": [{"ty": "gr", "it": [{"ind": 0, "ty": "sh", "ix": 1, "ks": {"a": 0, "k": {"i": [[0, 0], [0, 0]], "o": [[0, 0], [0, 0]], "v": [[-128, -77], [-128, 70]], "c": false}, "ix": 2}, "nm": "Path 1", "mn": "ADBE Vector Shape - Group", "hd": false}, {"ty": "st", "c": {"a": 0, "k": [0.054901960784313725, 0.8, 0.807843137254902, 1], "ix": 3}, "o": {"a": 0, "k": 100, "ix": 4}, "w": {"a": 0, "k": 10, "ix": 5}, "lc": 2, "lj": 1, "ml": 4, "bm": 0, "nm": "Stroke 1", "mn": "ADBE Vector Graphic - Stroke", "hd": false}, {"ty": "tr", "p": {"a": 0, "k": [0, 0], "ix": 2}, "a": {"a": 0, "k": [0, 0], "ix": 1}, "s": {"a": 0, "k": [100, 100], "ix": 3}, "r": {"a": 0, "k": 0, "ix": 6}, "o": {"a": 0, "k": 100, "ix": 7}, "sk": {"a": 0, "k": 0, "ix": 4}, "sa": {"a": 0, "k": 0, "ix": 5}, "nm": "Transform"}], "nm": "Shape 1", "np": 3, "cix": 2, "bm": 0, "ix": 1, "mn": "ADBE Vector Group", "hd": false}, {"ty": "tm", "s": {"a": 1, "k": [{"i": {"x": [0.72], "y": [1]}, "o": {"x": [0.52], "y": [0]}, "t": 5.333, "s": [43.185]}, {"i": {"x": [0.72], "y": [1]}, "o": {"x": [0.52], "y": [0]}, "t": 22, "s": [0]}, {"t": 38.666015625, "s": [43.185]}], "ix": 1}, "e": {"a": 1, "k": [{"i": {"x": [0.72], "y": [1]}, "o": {"x": [0.52], "y": [0]}, "t": 5.333, "s": [56.815]}, {"i": {"x": [0.72], "y": [1]}, "o": {"x": [0.52], "y": [0]}, "t": 22, "s": [100]}, {"t": 38.666015625, "s": [56.815]}], "ix": 2}, "o": {"a": 0, "k": 0, "ix": 3}, "m": 1, "ix": 2, "nm": "Trim Paths 1", "mn": "ADBE Vector Filter - Trim", "hd": false}], "ip": 0, "op": 60, "st": 0, "bm": 0}, {"ddd": 0, "ind": 11, "ty": 4, "nm": "Shape Layer 3", "sr": 1, "ks": {"o": {"a": 0, "k": 100, "ix": 11}, "r": {"a": 0, "k": 0, "ix": 10}, "p": {"a": 0, "k": [72, 146.5, 0], "ix": 2}, "a": {"a": 0, "k": [-128, -3.5, 0], "ix": 1}, "s": {"a": 0, "k": [100, 100, 100], "ix": 6}}, "ao": 0, "shapes": [{"ty": "gr", "it": [{"ind": 0, "ty": "sh", "ix": 1, "ks": {"a": 0, "k": {"i": [[0, 0], [0, 0]], "o": [[0, 0], [0, 0]], "v": [[-128, -77], [-128, 70]], "c": false}, "ix": 2}, "nm": "Path 1", "mn": "ADBE Vector Shape - Group", "hd": false}, {"ty": "st", "c": {"a": 0, "k": [0.054901960784313725, 0.8, 0.807843137254902, 1], "ix": 3}, "o": {"a": 0, "k": 100, "ix": 4}, "w": {"a": 0, "k": 10, "ix": 5}, "lc": 2, "lj": 1, "ml": 4, "bm": 0, "nm": "Stroke 1", "mn": "ADBE Vector Graphic - Stroke", "hd": false}, {"ty": "tr", "p": {"a": 0, "k": [0, 0], "ix": 2}, "a": {"a": 0, "k": [0, 0], "ix": 1}, "s": {"a": 0, "k": [100, 100], "ix": 3}, "r": {"a": 0, "k": 0, "ix": 6}, "o": {"a": 0, "k": 100, "ix": 7}, "sk": {"a": 0, "k": 0, "ix": 4}, "sa": {"a": 0, "k": 0, "ix": 5}, "nm": "Transform"}], "nm": "Shape 1", "np": 3, "cix": 2, "bm": 0, "ix": 1, "mn": "ADBE Vector Group", "hd": false}, {"ty": "tm", "s": {"a": 1, "k": [{"i": {"x": [0.72], "y": [1]}, "o": {"x": [0.52], "y": [0]}, "t": 19.5, "s": [43.185]}, {"i": {"x": [0.72], "y": [1]}, "o": {"x": [0.52], "y": [0]}, "t": 36.166, "s": [0]}, {"t": 52.8330078125, "s": [43.185]}], "ix": 1}, "e": {"a": 1, "k": [{"i": {"x": [0.72], "y": [1]}, "o": {"x": [0.52], "y": [0]}, "t": 19.5, "s": [56.815]}, {"i": {"x": [0.72], "y": [1]}, "o": {"x": [0.52], "y": [0]}, "t": 36.166, "s": [100]}, {"t": 52.8330078125, "s": [56.815]}], "ix": 2}, "o": {"a": 0, "k": 0, "ix": 3}, "m": 1, "ix": 2, "nm": "Trim Paths 1", "mn": "ADBE Vector Filter - Trim", "hd": false}], "ip": 0, "op": 60, "st": 0, "bm": 0}, {"ddd": 0, "ind": 12, "ty": 4, "nm": "Shape Layer 2", "sr": 1, "ks": {"o": {"a": 0, "k": 100, "ix": 11}, "r": {"a": 0, "k": 0, "ix": 10}, "p": {"a": 0, "k": [52, 146.5, 0], "ix": 2}, "a": {"a": 0, "k": [-128, -3.5, 0], "ix": 1}, "s": {"a": 0, "k": [100, 100, 100], "ix": 6}}, "ao": 0, "shapes": [{"ty": "gr", "it": [{"ind": 0, "ty": "sh", "ix": 1, "ks": {"a": 0, "k": {"i": [[0, 0], [0, 0]], "o": [[0, 0], [0, 0]], "v": [[-128, -77], [-128, 70]], "c": false}, "ix": 2}, "nm": "Path 1", "mn": "ADBE Vector Shape - Group", "hd": false}, {"ty": "st", "c": {"a": 0, "k": [0.054901960784313725, 0.8, 0.807843137254902, 1], "ix": 3}, "o": {"a": 0, "k": 100, "ix": 4}, "w": {"a": 0, "k": 10, "ix": 5}, "lc": 2, "lj": 1, "ml": 4, "bm": 0, "nm": "Stroke 1", "mn": "ADBE Vector Graphic - Stroke", "hd": false}, {"ty": "tr", "p": {"a": 0, "k": [0, 0], "ix": 2}, "a": {"a": 0, "k": [0, 0], "ix": 1}, "s": {"a": 0, "k": [100, 100], "ix": 3}, "r": {"a": 0, "k": 0, "ix": 6}, "o": {"a": 0, "k": 100, "ix": 7}, "sk": {"a": 0, "k": 0, "ix": 4}, "sa": {"a": 0, "k": 0, "ix": 5}, "nm": "Transform"}], "nm": "Shape 1", "np": 3, "cix": 2, "bm": 0, "ix": 1, "mn": "ADBE Vector Group", "hd": false}, {"ty": "tm", "s": {"a": 1, "k": [{"i": {"x": [0.72], "y": [1]}, "o": {"x": [0.52], "y": [0]}, "t": 14.5, "s": [43.185]}, {"i": {"x": [0.72], "y": [1]}, "o": {"x": [0.52], "y": [0]}, "t": 31.166, "s": [0]}, {"t": 47.8330078125, "s": [43.185]}], "ix": 1}, "e": {"a": 1, "k": [{"i": {"x": [0.72], "y": [1]}, "o": {"x": [0.52], "y": [0]}, "t": 14.5, "s": [56.815]}, {"i": {"x": [0.72], "y": [1]}, "o": {"x": [0.52], "y": [0]}, "t": 31.166, "s": [100]}, {"t": 47.8330078125, "s": [56.815]}], "ix": 2}, "o": {"a": 0, "k": 0, "ix": 3}, "m": 1, "ix": 2, "nm": "Trim Paths 1", "mn": "ADBE Vector Filter - Trim", "hd": false}], "ip": 0, "op": 60, "st": 0, "bm": 0}, {"ddd": 0, "ind": 13, "ty": 4, "nm": "Shape Layer 1", "sr": 1, "ks": {"o": {"a": 0, "k": 100, "ix": 11}, "r": {"a": 0, "k": 0, "ix": 10}, "p": {"a": 0, "k": [32, 146.5, 0], "ix": 2}, "a": {"a": 0, "k": [-128, -3.5, 0], "ix": 1}, "s": {"a": 0, "k": [100, 100, 100], "ix": 6}}, "ao": 0, "shapes": [{"ty": "gr", "it": [{"ind": 0, "ty": "sh", "ix": 1, "ks": {"a": 0, "k": {"i": [[0, 0], [0, 0]], "o": [[0, 0], [0, 0]], "v": [[-128, -77], [-128, 70]], "c": false}, "ix": 2}, "nm": "Path 1", "mn": "ADBE Vector Shape - Group", "hd": false}, {"ty": "st", "c": {"a": 0, "k": [0.054901960784313725, 0.8, 0.807843137254902, 1], "ix": 3}, "o": {"a": 0, "k": 100, "ix": 4}, "w": {"a": 0, "k": 10, "ix": 5}, "lc": 2, "lj": 1, "ml": 4, "bm": 0, "nm": "Stroke 1", "mn": "ADBE Vector Graphic - Stroke", "hd": false}, {"ty": "tr", "p": {"a": 0, "k": [0, 0], "ix": 2}, "a": {"a": 0, "k": [0, 0], "ix": 1}, "s": {"a": 0, "k": [100, 100], "ix": 3}, "r": {"a": 0, "k": 0, "ix": 6}, "o": {"a": 0, "k": 100, "ix": 7}, "sk": {"a": 0, "k": 0, "ix": 4}, "sa": {"a": 0, "k": 0, "ix": 5}, "nm": "Transform"}], "nm": "Shape 1", "np": 3, "cix": 2, "bm": 0, "ix": 1, "mn": "ADBE Vector Group", "hd": false}, {"ty": "tm", "s": {"a": 1, "k": [{"i": {"x": [0.72], "y": [1]}, "o": {"x": [0.52], "y": [0]}, "t": 8.667, "s": [43.185]}, {"i": {"x": [0.72], "y": [1]}, "o": {"x": [0.52], "y": [0]}, "t": 25.334, "s": [0]}, {"t": 42, "s": [43.185]}], "ix": 1}, "e": {"a": 1, "k": [{"i": {"x": [0.72], "y": [1]}, "o": {"x": [0.52], "y": [0]}, "t": 8.667, "s": [56.815]}, {"i": {"x": [0.72], "y": [1]}, "o": {"x": [0.52], "y": [0]}, "t": 25.334, "s": [100]}, {"t": 42, "s": [56.815]}], "ix": 2}, "o": {"a": 0, "k": 0, "ix": 3}, "m": 1, "ix": 2, "nm": "Trim Paths 1", "mn": "ADBE Vector Filter - Trim", "hd": false}], "ip": 0, "op": 60, "st": 0, "bm": 0}], "markers": []}