{"v":"4.9.0","fr":29.9700012207031,"ip":0,"op":80.0000032584668,"w":1000,"h":200,"nm":"Comp 1","ddd":0,"assets":[{"id":"comp_0","layers":[{"ddd":0,"ind":1,"ty":4,"nm":"Shape Layer 2","sr":1,"ks":{"o":{"a":0,"k":100},"r":{"a":0,"k":0},"p":{"a":0,"k":[500,110,0]},"a":{"a":0,"k":[-402.5,3.5,0]},"s":{"a":0,"k":[100,100,100]}},"ao":0,"shapes":[{"ty":"gr","it":[{"d":1,"ty":"el","s":{"a":1,"k":[{"i":{"x":[0.667,0.667],"y":[1,1]},"o":{"x":[0.333,0.333],"y":[0,0]},"n":["0p667_1_0p333_0","0p667_1_0p333_0"],"t":0,"s":[0,0],"e":[170,170]},{"t":25.0000010182709}]},"p":{"a":0,"k":[0,0]},"nm":"Ellipse Path 1","mn":"ADBE Vector Shape - Ellipse"},{"ty":"fl","c":{"a":1,"k":[{"i":{"x":[0.667],"y":[1]},"o":{"x":[0.333],"y":[0]},"n":["0p667_1_0p333_0"],"t":0,"s":[0.1843137,0.5607843,0.7254902,1],"e":[1,0.8431373,0,1]},{"t":25.0000010182709}]},"o":{"a":1,"k":[{"i":{"x":[0.667],"y":[1]},"o":{"x":[0.333],"y":[0]},"n":["0p667_1_0p333_0"],"t":13,"s":[100],"e":[0]},{"t":25.0000010182709}]},"r":1,"nm":"Fill 1","mn":"ADBE Vector Graphic - Fill"},{"ty":"tr","p":{"a":0,"k":[-402.5,3.5],"ix":2},"a":{"a":0,"k":[0,0],"ix":1},"s":{"a":0,"k":[100,100],"ix":3},"r":{"a":0,"k":0,"ix":6},"o":{"a":0,"k":100,"ix":7},"sk":{"a":0,"k":0,"ix":4},"sa":{"a":0,"k":0,"ix":5},"nm":"Transform"}],"nm":"Ellipse 1","np":2,"cix":2,"ix":1,"mn":"ADBE Vector Group"}],"ip":0,"op":900.000036657751,"st":0,"bm":0},{"ddd":0,"ind":2,"ty":4,"nm":"Shape Layer 1","sr":1,"ks":{"o":{"a":0,"k":100},"r":{"a":0,"k":0},"p":{"a":0,"k":[500,100,0]},"a":{"a":0,"k":[-398,-3.996,0]},"s":{"a":0,"k":[100,100,100]}},"ao":0,"shapes":[{"ty":"gr","it":[{"ty":"sr","sy":1,"d":1,"pt":{"a":0,"k":5,"ix":3},"p":{"a":0,"k":[0,0],"ix":4},"r":{"a":0,"k":0,"ix":5},"ir":{"a":0,"k":41.869,"ix":6},"is":{"a":0,"k":0,"ix":8},"or":{"a":0,"k":83.738,"ix":7},"os":{"a":0,"k":0,"ix":9},"ix":1,"nm":"Polystar Path 1","mn":"ADBE Vector Shape - Star"},{"ty":"st","c":{"a":1,"k":[{"i":{"x":[0.667],"y":[1]},"o":{"x":[0.333],"y":[0]},"n":["0p667_1_0p333_0"],"t":0,"s":[0.1843137,0.5607843,0.7254902,1],"e":[1,0.8431373,0,1]},{"t":20.0000008146167}]},"o":{"a":0,"k":100},"w":{"a":0,"k":10},"lc":1,"lj":1,"ml":4,"nm":"Stroke 1","mn":"ADBE Vector Graphic - Stroke"},{"ty":"fl","c":{"a":1,"k":[{"i":{"x":[0.667],"y":[1]},"o":{"x":[0.333],"y":[0]},"n":["0p667_1_0p333_0"],"t":0,"s":[0.1843137,0.5607843,0.7254902,1],"e":[1,0.8431373,0,1]},{"t":20.0000008146167}]},"o":{"a":1,"k":[{"i":{"x":[0.667],"y":[1]},"o":{"x":[0.333],"y":[0]},"n":["0p667_1_0p333_0"],"t":0,"s":[0],"e":[100]},{"t":20.0000008146167}]},"r":1,"nm":"Fill 1","mn":"ADBE Vector Graphic - Fill"},{"ty":"tr","p":{"a":0,"k":[-398,4],"ix":2},"a":{"a":0,"k":[0,0],"ix":1},"s":{"a":1,"k":[{"i":{"x":[0.667,0.667],"y":[1,1]},"o":{"x":[0.333,0.333],"y":[0,0]},"n":["0p667_1_0p333_0","0p667_1_0p333_0"],"t":0,"s":[40,40],"e":[110,110]},{"i":{"x":[0.667,0.667],"y":[1,1]},"o":{"x":[0.333,0.333],"y":[0,0]},"n":["0p667_1_0p333_0","0p667_1_0p333_0"],"t":10,"s":[110,110],"e":[90,90]},{"t":17.0000006924242}],"ix":3},"r":{"a":0,"k":0,"ix":6},"o":{"a":1,"k":[{"i":{"x":[0.667],"y":[1]},"o":{"x":[0.333],"y":[0]},"n":["0p667_1_0p333_0"],"t":0,"s":[0],"e":[100]},{"t":10.0000004073083}],"ix":7},"sk":{"a":0,"k":0,"ix":4},"sa":{"a":0,"k":0,"ix":5},"nm":"Transform"}],"nm":"Polystar 1","np":3,"cix":2,"ix":1,"mn":"ADBE Vector Group"}],"ip":0,"op":900.000036657751,"st":0,"bm":0}]}],"layers":[{"ddd":0,"ind":1,"ty":0,"nm":"Pre-comp 1","refId":"comp_0","sr":1,"ks":{"o":{"a":0,"k":100},"r":{"a":0,"k":0},"p":{"a":0,"k":[904,100,0]},"a":{"a":0,"k":[500,100,0]},"s":{"a":0,"k":[100,100,100]}},"ao":0,"w":1000,"h":200,"ip":20.0000008146167,"op":920.000037472368,"st":20.0000008146167,"bm":0},{"ddd":0,"ind":2,"ty":0,"nm":"Pre-comp 1","refId":"comp_0","sr":1,"ks":{"o":{"a":0,"k":100},"r":{"a":0,"k":0},"p":{"a":0,"k":[703,100,0]},"a":{"a":0,"k":[500,100,0]},"s":{"a":0,"k":[100,100,100]}},"ao":0,"w":1000,"h":200,"ip":15.0000006109625,"op":915.000037268714,"st":15.0000006109625,"bm":0},{"ddd":0,"ind":3,"ty":0,"nm":"Pre-comp 1","refId":"comp_0","sr":1,"ks":{"o":{"a":0,"k":100},"r":{"a":0,"k":0},"p":{"a":0,"k":[503,100,0]},"a":{"a":0,"k":[500,100,0]},"s":{"a":0,"k":[100,100,100]}},"ao":0,"w":1000,"h":200,"ip":10.0000004073083,"op":910.00003706506,"st":10.0000004073083,"bm":0},{"ddd":0,"ind":4,"ty":0,"nm":"Pre-comp 1","refId":"comp_0","sr":1,"ks":{"o":{"a":0,"k":100},"r":{"a":0,"k":0},"p":{"a":0,"k":[301,100,0]},"a":{"a":0,"k":[500,100,0]},"s":{"a":0,"k":[100,100,100]}},"ao":0,"w":1000,"h":200,"ip":5.00000020365417,"op":905.000036861406,"st":5.00000020365417,"bm":0},{"ddd":0,"ind":5,"ty":0,"nm":"Pre-comp 1","refId":"comp_0","sr":1,"ks":{"o":{"a":0,"k":100},"r":{"a":0,"k":0},"p":{"a":0,"k":[101,100,0]},"a":{"a":0,"k":[500,100,0]},"s":{"a":0,"k":[100,100,100]}},"ao":0,"w":1000,"h":200,"ip":0,"op":900.000036657751,"st":0,"bm":0}]}