{"v":"5.3.4","fr":50,"ip":0,"op":100,"w":500,"h":500,"nm":"Composition 1","ddd":0,"assets":[],"layers":[{"ddd":0,"ind":1,"ty":4,"nm":"push Silhouettes","sr":1,"ks":{"o":{"a":0,"k":100,"ix":11},"r":{"a":0,"k":0,"ix":10},"p":{"a":1,"k":[{"i":{"x":0.667,"y":1},"o":{"x":0.333,"y":0},"n":"0p667_1_0p333_0","t":0,"s":[250,36,0],"e":[250,46,0],"to":[0,1.66666662693024,0],"ti":[0,0,0]},{"i":{"x":0.667,"y":1},"o":{"x":0.333,"y":0},"n":"0p667_1_0p333_0","t":5,"s":[250,46,0],"e":[250,36,0],"to":[0,0,0],"ti":[0,1.66666662693024,0]},{"t":10}],"ix":2},"a":{"a":0,"k":[118,86,0],"ix":1},"s":{"a":0,"k":[100,100,100],"ix":6}},"ao":0,"shapes":[{"ty":"gr","it":[{"ind":0,"ty":"sh","ix":1,"ks":{"a":0,"k":{"i":[[0,0],[0,-4.44],[0,0],[-4.44,0],[0,0],[0,4.44],[0,0],[4.44,0]],"o":[[-4.44,0],[0,0],[0,4.44],[0,0],[4.44,0],[0,0],[0,-4.44],[0,0]],"v":[[-53.6,-29.48],[-61.64,-21.44],[-61.64,21.44],[-53.6,29.48],[53.601,29.48],[61.64,21.44],[61.64,-21.44],[53.601,-29.48]],"c":true},"ix":2},"nm":"Tracé 1","mn":"ADBE Vector Shape - Group","hd":false},{"ty":"fl","c":{"a":0,"k":[0.3137254901960784,0.8901960784313725,0.7607843137254902,1],"ix":4},"o":{"a":0,"k":100,"ix":5},"r":1,"nm":"Fond 1","mn":"ADBE Vector Graphic - Fill","hd":false},{"ty":"tr","p":{"a":0,"k":[117.929,85.76],"ix":2},"a":{"a":0,"k":[0,0],"ix":1},"s":{"a":0,"k":[100,100],"ix":3},"r":{"a":0,"k":0,"ix":6},"o":{"a":0,"k":100,"ix":7},"sk":{"a":0,"k":0,"ix":4},"sa":{"a":0,"k":0,"ix":5},"nm":"Transformer "}],"nm":"Groupe 1","np":2,"cix":2,"ix":1,"mn":"ADBE Vector Group","hd":false}],"ip":0,"op":100,"st":0,"bm":0},{"ddd":0,"ind":2,"ty":4,"nm":"temps Silhouettes","sr":1,"ks":{"o":{"a":0,"k":100,"ix":11},"r":{"a":1,"k":[{"i":{"x":[0.667],"y":[1]},"o":{"x":[0.333],"y":[0]},"n":["0p667_1_0p333_0"],"t":5,"s":[0],"e":[1080]},{"t":70}],"ix":10},"p":{"a":0,"k":[252.125,294.25,0],"ix":2},"a":{"a":0,"k":[60.875,218.25,0],"ix":1},"s":{"a":0,"k":[100,100,100],"ix":6}},"ao":0,"shapes":[{"ty":"gr","it":[{"ind":0,"ty":"sh","ix":1,"ks":{"a":0,"k":{"i":[[0,-4.44],[0,0],[-4.44,0],[0,0],[0,4.429],[87.19,0]],"o":[[0,0],[0,4.439],[0,0],[4.438,0],[0,-87.181],[-4.44,0]],"v":[[-83.079,-75.04],[-83.079,75.041],[-75.04,83.08],[75.041,83.08],[83.079,75.041],[-75.04,-83.079]],"c":true},"ix":2},"nm":"Tracé 1","mn":"ADBE Vector Shape - Group","hd":false},{"ind":1,"ty":"sh","ix":2,"ks":{"a":0,"k":{"i":[[0,0],[-4.02,-71.938],[0,0]],"o":[[71.94,4.02],[0,0],[0,0]],"v":[[-66.99,-66.78],[66.779,66.989],[-66.99,66.989]],"c":true},"ix":2},"nm":"Tracé 2","mn":"ADBE Vector Shape - Group","hd":false},{"ty":"mm","mm":1,"nm":"Fusionner les tracés 1","mn":"ADBE Vector Filter - Merge","hd":false},{"ty":"fl","c":{"a":0,"k":[0.3137254901960784,0.8901960784313725,0.7607843137254902,1],"ix":4},"o":{"a":0,"k":100,"ix":5},"r":1,"nm":"Fond 1","mn":"ADBE Vector Graphic - Fill","hd":false},{"ty":"tr","p":{"a":0,"k":[139.361,139.37],"ix":2},"a":{"a":0,"k":[0,0],"ix":1},"s":{"a":0,"k":[100,100],"ix":3},"r":{"a":0,"k":0,"ix":6},"o":{"a":0,"k":100,"ix":7},"sk":{"a":0,"k":0,"ix":4},"sa":{"a":0,"k":0,"ix":5},"nm":"Transformer "}],"nm":"Groupe 1","np":4,"cix":2,"ix":1,"mn":"ADBE Vector Group","hd":false}],"ip":0,"op":100,"st":0,"bm":0},{"ddd":0,"ind":3,"ty":4,"nm":"reflet Silhouettes","sr":1,"ks":{"o":{"a":0,"k":100,"ix":11},"r":{"a":1,"k":[{"i":{"x":[0.667],"y":[1]},"o":{"x":[0.333],"y":[0]},"n":["0p667_1_0p333_0"],"t":5,"s":[0],"e":[360]},{"t":70}],"ix":10},"p":{"a":0,"k":[248.5,293.5,0],"ix":2},"a":{"a":0,"k":[218.5,61.5,0],"ix":1},"s":{"a":0,"k":[100,100,100],"ix":6}},"ao":0,"shapes":[{"ty":"gr","it":[{"ind":0,"ty":"sh","ix":1,"ks":{"a":0,"k":{"i":[[0,-4.441],[-88.67,0],[0,4.44],[4.441,0],[0,79.649],[4.44,0]],"o":[[0,88.66],[4.441,0],[0,-4.44],[-79.65,-0.011],[0,-4.441],[-4.44,0]],"v":[[-83.08,-75.04],[75.04,83.081],[83.08,75.039],[75.04,67],[-67,-75.04],[-75.04,-83.081]],"c":true},"ix":2},"nm":"Tracé 1","mn":"ADBE Vector Shape - Group","hd":false},{"ty":"fl","c":{"a":0,"k":[0.3137254901960784,0.8901960784313725,0.7607843137254902,1],"ix":4},"o":{"a":0,"k":100,"ix":5},"r":1,"nm":"Fond 1","mn":"ADBE Vector Graphic - Fill","hd":false},{"ty":"tr","p":{"a":0,"k":[139.37,139.371],"ix":2},"a":{"a":0,"k":[0,0],"ix":1},"s":{"a":0,"k":[100,100],"ix":3},"r":{"a":0,"k":0,"ix":6},"o":{"a":0,"k":100,"ix":7},"sk":{"a":0,"k":0,"ix":4},"sa":{"a":0,"k":0,"ix":5},"nm":"Transformer "}],"nm":"Groupe 1","np":2,"cix":2,"ix":1,"mn":"ADBE Vector Group","hd":false}],"ip":0,"op":100,"st":0,"bm":0},{"ddd":0,"ind":4,"ty":4,"nm":"contour","sr":1,"ks":{"o":{"a":0,"k":100,"ix":11},"r":{"a":0,"k":0,"ix":10},"p":{"a":0,"k":[250,288,0],"ix":2},"a":{"a":0,"k":[257.5,263,0],"ix":1},"s":{"a":0,"k":[100,100,100],"ix":6}},"ao":0,"shapes":[{"ty":"gr","it":[{"ind":0,"ty":"sh","ix":1,"ks":{"a":0,"k":{"i":[[0,-4.45],[0,0],[25.65,-18.76],[0,0],[0,0],[3.14,3.14],[3.14,-3.14],[0,0],[-3.14,-3.14],[-2.06,0],[-1.56,1.57],[0,0],[0,0],[0,-60.521],[-110.839,0],[0,110.818],[42.85,36.98],[0,0],[0,0],[-2.06,0],[-1.559,1.57],[3.142,3.14],[0,0],[3.14,-3.14],[-3.14,-3.14],[0,0],[0,0],[33.239,4.87],[0,0],[4.439,0],[0,-4.45],[0,0],[-4.079,-0.45],[0,-94.37],[101.97,0],[0,101.959],[-93.69,10.38],[0,4.1],[0,0],[4.44,0]],"o":[[0,0],[-33.24,4.871],[0,0],[0,0],[3.14,-3.14],[-3.14,-3.14],[0,0],[-3.14,3.14],[1.57,1.57],[2.06,0],[0,0],[0,0],[-42.85,36.991],[0,110.818],[110.84,0],[-0.01,-60.521],[0,0],[0,0],[1.568,1.57],[2.06,0],[3.142,-3.14],[0,0],[-3.14,-3.14],[-3.14,3.14],[0,0],[0,0],[-25.629,-18.759],[0,0],[0,-4.45],[-4.441,0],[0,0],[0,4.09],[93.69,10.381],[0,101.96],[-101.97,0],[0,-94.371],[4.08,-0.45],[0,0],[0,-4.45],[-4.44,0]],"v":[[-29.48,-198.32],[-29.48,-193.411],[-118.62,-156.78],[-133.36,-171.52],[-122.96,-181.92],[-122.96,-193.29],[-134.32,-193.29],[-166.48,-161.13],[-166.48,-149.76],[-160.8,-147.4],[-155.12,-149.76],[-144.72,-160.16],[-131.29,-146.73],[-201,5.361],[0,206.36],[201,5.361],[131.28,-146.719],[144.71,-160.15],[155.111,-149.75],[160.79,-147.39],[166.469,-149.75],[166.469,-161.12],[134.31,-193.28],[122.95,-193.28],[122.95,-181.91],[133.34,-171.51],[118.599,-156.77],[29.48,-193.4],[29.48,-198.31],[21.441,-206.35],[13.4,-198.31],[13.4,-186.34],[20.56,-178.35],[184.919,5.37],[0,190.29],[-184.92,5.361],[-20.56,-178.36],[-13.4,-186.35],[-13.4,-198.32],[-21.44,-206.36]],"c":true},"ix":2},"nm":"Tracé 1","mn":"ADBE Vector Shape - Group","hd":false},{"ty":"fl","c":{"a":0,"k":[0.3137254901960784,0.8901960784313725,0.7607843137254902,1],"ix":4},"o":{"a":0,"k":100,"ix":5},"r":1,"nm":"Fond 1","mn":"ADBE Vector Graphic - Fill","hd":false},{"ty":"tr","p":{"a":0,"k":[257.29,262.64],"ix":2},"a":{"a":0,"k":[0,0],"ix":1},"s":{"a":0,"k":[100,100],"ix":3},"r":{"a":0,"k":0,"ix":6},"o":{"a":0,"k":100,"ix":7},"sk":{"a":0,"k":0,"ix":4},"sa":{"a":0,"k":0,"ix":5},"nm":"Transformer "}],"nm":"Groupe 1","np":2,"cix":2,"ix":1,"mn":"ADBE Vector Group","hd":false}],"ip":0,"op":100,"st":0,"bm":0}],"markers":[]}